marker,chromosome,position,A,B,C,D,E,AxB0001,AxB0002,AxB0003,AxB0004,AxB0005,AxB0006,AxB0007,AxB0008,AxB0009,AxB0010,AxB0011,AxB0012,AxB0013,AxB0014,AxB0015,AxB0016,AxB0017,AxB0018,AxB0019,AxB0020,AxC0001,AxC0002,AxC0003,AxC0004,AxC0005,AxC0006,AxC0007,AxC0008,AxC0009,AxC0010,AxC0011,AxC0012,AxC0013,AxC0014,AxC0015,AxC0016,AxC0017,AxC0018,AxC0019,AxC0020,AxD0001,AxD0002,AxD0003,AxD0004,AxD0005,AxD0006,AxD0007,AxD0008,AxD0009,AxD0010,AxD0011,AxD0012,AxD0013,AxD0014,AxD0015,AxD0016,AxD0017,AxD0018,AxD0019,AxD0020,AxE0001,AxE0002,AxE0003,AxE0004,AxE0005,AxE0006,AxE0007,AxE0008,AxE0009,AxE0010,AxE0011,AxE0012,AxE0013,AxE0014,AxE0015,AxE0016,AxE0017,AxE0018,AxE0019,AxE0020,BxC0001,BxC0002,BxC0003,BxC0004,BxC0005,BxC0006,BxC0007,BxC0008,BxC0009,BxC0010,BxC0011,BxC0012,BxC0013,BxC0014,BxC0015,BxC0016,BxC0017,BxC0018,BxC0019,BxC0020,BxD0001,BxD0002,BxD0003,BxD0004,BxD0005,BxD0006,BxD0007,BxD0008,BxD0009,BxD0010,BxD0011,BxD0012,BxD0013,BxD0014,BxD0015,BxD0016,BxD0017,BxD0018,BxD0019,BxD0020,BxE0001,BxE0002,BxE0003,BxE0004,BxE0005,BxE0006,BxE0007,BxE0008,BxE0009,BxE0010,BxE0011,BxE0012,BxE0013,BxE0014,BxE0015,BxE0016,BxE0017,BxE0018,BxE0019,BxE0020,CxD0001,CxD0002,CxD0003,CxD0004,CxD0005,CxD0006,CxD0007,CxD0008,CxD0009,CxD0010,CxD0011,CxD0012,CxD0013,CxD0014,CxD0015,CxD0016,CxD0017,CxD0018,CxD0019,CxD0020,CxE0001,CxE0002,CxE0003,CxE0004,CxE0005,CxE0006,CxE0007,CxE0008,CxE0009,CxE0010,CxE0011,CxE0012,CxE0013,CxE0014,CxE0015,CxE0016,CxE0017,CxE0018,CxE0019,CxE0020,DxE0001,DxE0002,DxE0003,DxE0004,DxE0005,DxE0006,DxE0007,DxE0008,DxE0009,DxE0010,DxE0011,DxE0012,DxE0013,DxE0014,DxE0015,DxE0016,DxE0017,DxE0018,DxE0019,DxE0020
A_0015,A,0.0,1|2|1|1,1|1|2|1,1|1|1|2,1|1|2|2,2|2|1|2,1,2,1,1,1,1,1,0,3,0,1,NA,NA,2,3,NA,1,0,1,2,NA,1,1,2,NA,NA,1,NA,0,1,1,1,2,2,1,1,0,1,1,1,2,1,1,1,3,1,2,1,1,2,2,2,NA,1,NA,1,NA,1,1,NA,NA,2,2,2,NA,2,2,NA,2,1,2,2,2,1,3,NA,1,3,3,3,NA,NA,1,0,2,1,1,0,1,1,1,1,NA,2,0,1,NA,4,1,1,1,1,2,NA,2,NA,NA,1,1,1,2,1,3,NA,2,2,2,3,1,1,1,2,1,1,NA,2,NA,2,2,2,3,1,NA,3,1,3,1,2,3,2,2,NA,1,NA,NA,2,2,2,NA,2,2,2,0,NA,1,2,3,2,2,NA,3,2,2,2,2,2,2,3,2,1,2,1,2,2,3,1,3,1,2,1,2,3,3,2,3,3,3,2,2,NA,3,NA,NA,3,3,2,3,2,1,4
A_0006,A,0.83,1|2|1|2,1|1|1|2,1|1|1|1,2|1|2|1,1|1|1|2,2,1,3,NA,2,3,1,1,1,2,NA,2,1,2,1,1,3,NA,3,2,0,1,NA,2,NA,1,0,1,1,0,NA,1,3,2,1,2,1,NA,1,1,2,2,2,NA,3,NA,NA,3,2,1,2,2,2,1,2,NA,3,1,2,2,1,1,1,1,3,3,1,2,1,0,NA,1,1,0,1,1,2,3,1,1,1,1,1,1,1,0,0,1,0,0,1,1,1,0,1,NA,0,NA,1,1,2,2,1,1,2,1,2,2,2,2,0,0,2,3,2,1,1,1,1,2,1,1,1,1,1,0,1,1,1,1,1,1,0,2,1,NA,1,2,2,2,0,1,1,1,NA,1,1,1,1,1,2,2,1,1,1,1,1,2,0,1,0,0,1,1,1,0,0,0,0,0,1,1,0,0,0,1,1,0,0,0,2,1,2,2,1,2,1,1,NA,NA,2,2,NA,3,1,0,3,2,1,1
A_0005,A,1.04,1|1|1|2,2|1|1|2,1|2|2|2,1|2|2|2,2|1|2|1,1,1,NA,2,1,3,1,1,2,2,NA,1,2,1,1,1,3,1,NA,NA,1,2,2,3,2,3,1,1,3,1,1,NA,3,NA,3,2,2,3,1,2,3,1,NA,1,3,2,3,2,1,2,2,2,2,2,2,3,4,2,1,3,2,2,3,1,1,2,NA,0,NA,2,2,1,2,1,1,1,2,1,1,1,3,NA,3,3,3,NA,3,3,2,2,4,3,2,2,2,4,2,3,3,2,2,3,3,3,2,2,2,3,3,3,3,3,3,NA,3,2,3,3,4,3,4,4,1,3,1,2,2,2,3,1,1,3,NA,2,4,3,4,2,2,3,NA,NA,3,2,3,4,4,3,3,4,3,3,2,2,3,4,4,2,3,3,NA,4,NA,2,3,4,4,2,4,3,3,3,4,4,3,2,2,2,2,3,2,2,2,3,2,3,NA,NA,NA,2,2,3,2,2,4,NA,NA,2,NA,3
A_0011,A,1.53,2|2|2|1,1|1|1|2,1|2|2|1,2|2|2|2,2|2|2|1,3,2,2,1,3,2,3,3,2,2,3,NA,NA,3,2,2,2,2,2,3,3,4,NA,2,2,3,NA,3,3,3,NA,4,2,2,2,2,2,2,3,1,3,4,3,4,3,NA,3,3,4,4,4,4,3,4,3,3,4,4,4,NA,3,NA,3,3,2,NA,4,NA,3,NA,3,NA,3,4,4,4,2,2,4,NA,2,1,2,2,NA,1,1,2,NA,0,2,2,2,0,2,NA,NA,2,1,2,2,3,2,2,NA,NA,3,3,3,3,2,2,3,2,3,2,NA,2,3,3,NA,2,NA,3,1,2,1,3,3,NA,1,3,2,2,3,3,3,2,2,NA,3,3,3,2,3,3,3,2,3,3,3,3,3,3,3,3,NA,2,NA,3,2,3,2,2,2,3,3,NA,3,3,2,3,4,3,3,2,2,3,1,4,3,4,3,4,3,3,3,3,4,3,3,2,3,3,4,4,NA,3,4,1
A_0018,A,1.79,1|1|1|1,1|1|2|1,1|2|2|1,2|1|1|2,1|2|1|1,0,1,0,1,0,0,NA,0,1,NA,1,1,0,1,0,0,0,0,0,2,1,2,1,1,0,2,0,1,2,1,0,2,1,1,NA,0,1,1,1,0,1,4,2,1,NA,0,0,1,1,1,0,0,1,0,1,0,1,1,1,1,0,1,0,0,1,0,0,NA,1,0,1,0,1,1,1,1,0,1,1,1,2,NA,1,1,2,2,1,2,0,0,1,1,2,1,1,1,1,2,0,2,1,0,1,2,3,2,2,2,2,2,2,1,2,2,1,1,3,2,NA,NA,NA,NA,0,1,1,1,NA,1,1,1,NA,0,1,1,0,2,0,0,1,0,2,3,1,2,2,1,1,0,2,1,2,2,2,3,1,1,2,0,1,2,1,NA,2,1,1,1,1,1,NA,1,2,2,2,1,NA,1,2,2,0,3,1,3,2,1,NA,1,2,4,1,1,3,0,2,1,1,2,2,2,1,1
A_0001,A,3.41,2|2|2|2,2|2|2|2,1|1|1|2,1|2|1|1,1|2|2|1,4,4,4,4,4,4,4,4,4,4,NA,4,4,4,4,4,4,4,4,NA,2,2,3,3,3,2,NA,NA,2,2,3,2,3,3,3,2,NA,3,2,2,2,2,4,2,2,3,3,3,2,3,NA,NA,NA,3,3,3,2,3,2,2,3,3,3,2,NA,2,3,3,3,3,4,2,3,4,3,4,3,3,3,3,NA,3,3,2,3,2,3,2,3,3,3,3,2,3,2,3,2,3,2,2,2,3,3,2,2,3,3,2,NA,2,3,3,2,3,3,NA,2,2,3,2,3,3,3,4,3,3,NA,3,3,NA,3,3,3,2,3,3,3,2,2,2,2,0,1,1,1,2,2,2,0,2,1,1,1,0,1,2,1,1,2,NA,2,NA,1,2,2,2,2,2,3,1,2,1,NA,2,2,1,NA,NA,3,2,2,1,1,1,2,1,2,NA,NA,1,2,2,1,0,2,3,1,1,2,2
A_0009,A,3.54,1|1|2|2,1|2|2|2,2|2|1|2,2|2|1|2,1|2|1|2,3,2,2,NA,3,2,3,3,2,4,3,3,3,2,1,1,2,2,3,3,3,NA,2,3,2,3,3,1,2,2,3,1,2,3,3,2,NA,NA,1,4,1,2,2,2,1,2,2,3,2,1,2,2,3,2,4,3,2,3,2,1,2,NA,1,2,3,2,0,2,3,NA,2,2,2,2,1,1,3,3,2,2,3,4,3,2,3,3,2,2,3,3,2,3,3,3,3,3,NA,4,3,3,2,3,2,NA,3,3,4,2,2,2,2,2,2,NA,3,3,1,1,2,NA,1,1,NA,2,3,2,2,3,2,3,3,2,1,3,1,3,1,3,3,2,3,3,3,3,2,4,3,3,2,2,3,NA,3,2,3,2,1,3,3,4,NA,2,4,3,0,2,2,NA,1,2,NA,2,1,2,3,2,4,2,3,2,3,2,3,1,3,2,3,2,1,1,2,2,2,2,2,2,3,2,2,1
A_0019,A,4.3,1|2|1|1,1|1|1|2,1|1|1|1,2|1|1|2,1|1|2|2,2,1,2,0,2,2,NA,NA,1,1,1,2,1,2,1,1,2,0,2,2,0,1,NA,1,1,1,0,1,0,1,0,1,1,1,NA,NA,0,NA,1,0,1,1,2,1,2,0,1,2,1,2,1,1,1,0,1,0,2,2,1,1,1,0,2,1,2,NA,2,2,1,1,2,1,0,1,1,2,2,2,1,1,1,1,1,1,1,0,NA,1,0,0,1,1,1,NA,1,1,1,1,1,0,1,1,0,1,3,1,2,3,3,3,4,1,2,1,1,0,2,1,1,2,2,1,2,2,1,1,NA,1,2,2,NA,2,1,2,NA,1,NA,2,2,2,1,2,NA,2,1,0,0,0,1,NA,1,1,1,2,0,0,1,0,1,1,0,1,1,2,NA,NA,1,0,1,1,1,NA,1,1,0,2,1,1,2,1,2,NA,3,2,2,NA,1,3,2,3,3,NA,NA,2,0,2,2,4,2,1
A_0003,A,4.65,1|2|2|2,1|2|2|2,2|2|1|1,1|1|2|2,1|1|2|2,4,3,3,3,4,3,3,3,3,4,NA,4,3,3,2,2,3,2,4,4,3,3,1,3,2,3,2,3,2,2,2,NA,2,3,2,3,2,3,2,3,3,2,2,2,4,2,3,2,2,2,3,3,1,2,2,NA,3,2,NA,3,1,1,2,2,3,3,2,1,2,2,3,2,1,2,1,2,4,3,2,2,2,3,2,2,2,3,1,2,2,2,1,2,3,2,3,2,2,3,3,NA,2,3,2,3,3,1,2,NA,2,NA,2,2,4,2,3,3,3,3,2,2,2,2,2,2,2,3,3,2,3,4,2,3,2,NA,2,3,2,3,2,2,2,3,3,2,2,2,NA,2,4,1,2,2,1,2,NA,1,2,2,2,1,1,NA,3,1,3,2,2,NA,1,3,3,3,NA,2,NA,3,2,2,2,2,1,1,NA,2,2,2,2,NA,2,3,3,3,3,NA,2,2,2,3,NA,2
A_0025,A,4.84,1|2|1|1,1|2|1|2,1|2|2|1,1|2|1|1,2|2|1|2,3,1,2,0,3,2,1,NA,1,2,1,2,2,2,NA,2,2,1,2,NA,1,3,1,1,1,NA,0,2,2,2,0,0,2,NA,1,1,1,1,2,0,0,0,0,0,1,NA,2,2,0,2,2,2,1,NA,1,1,1,1,0,0,2,2,2,1,NA,2,2,2,NA,1,2,2,2,1,3,2,1,3,3,3,NA,1,2,2,2,2,2,3,1,NA,2,3,2,0,3,2,3,2,1,1,1,3,1,0,1,1,2,1,1,1,1,2,1,1,3,2,0,NA,2,1,2,1,1,2,3,NA,1,NA,2,2,2,3,1,3,2,NA,2,4,3,3,2,1,2,0,2,2,2,1,1,2,NA,1,2,1,2,2,1,NA,1,2,2,2,3,2,2,2,2,2,2,2,2,3,3,2,3,2,3,2,2,3,3,2,NA,1,3,3,NA,2,2,1,2,2,2,NA,3,NA,2,1,2,2
A_0007,A,5.07,2|1|2|2,2|2|2|1,1|2|2|1,1|2|1|1,1|2|1|1,2,3,2,4,2,0,3,3,NA,NA,3,2,4,NA,3,3,2,4,2,2,3,NA,3,2,2,4,2,2,4,3,NA,4,2,2,3,2,3,3,2,2,2,2,2,2,NA,3,NA,2,2,2,2,2,1,3,3,3,NA,NA,2,2,3,3,2,2,2,NA,NA,2,NA,2,2,2,NA,3,1,2,2,2,2,2,2,1,NA,2,2,3,3,2,2,2,2,NA,2,2,2,2,3,2,1,2,2,NA,3,2,1,3,NA,1,1,1,3,3,1,3,2,3,2,2,3,1,1,1,3,2,3,2,2,2,1,2,3,1,2,NA,1,1,1,1,1,1,2,1,2,0,2,2,2,1,1,2,1,NA,2,1,2,2,1,0,1,2,1,1,2,1,4,1,1,1,1,1,1,2,2,1,2,NA,NA,2,1,3,1,1,1,0,2,1,2,1,1,0,1,1,NA,NA,2,2,1,0,1,1
A_0002,A,5.56,1|2|1|2,1|2|1|1,1|1|2|1,2|1|1|2,1|1|1|2,2,1,2,NA,2,2,0,NA,1,NA,0,1,2,1,2,2,2,1,3,1,0,2,1,NA,1,2,0,1,2,4,0,2,NA,2,NA,3,2,1,2,1,2,1,3,1,NA,0,2,3,1,2,1,1,NA,0,2,1,2,0,1,2,1,1,1,1,3,3,1,2,2,0,2,1,1,0,1,NA,NA,3,1,NA,1,0,0,1,1,2,2,1,0,1,1,NA,1,0,2,0,1,NA,0,1,2,1,0,NA,2,NA,1,2,2,3,1,2,1,1,0,1,1,1,0,2,0,0,1,0,2,1,1,0,0,2,1,1,0,1,0,0,0,2,1,1,1,2,0,2,2,0,0,0,NA,1,1,1,2,3,0,1,2,1,1,1,0,0,1,2,1,0,0,0,1,0,1,2,1,0,0,2,1,1,NA,1,2,4,2,1,2,1,2,2,1,2,2,1,2,2,0,1,2,3,1,1
A_0004,A,6.12,1|2|1|2,2|2|2|1,1|2|2|2,1|2|2|1,2|2|1|2,2,3,3,3,2,3,1,1,3,2,2,2,NA,2,3,3,3,2,3,2,NA,3,2,4,3,3,1,2,3,1,1,3,4,4,NA,3,2,3,NA,2,2,NA,1,1,3,2,4,3,NA,2,3,3,2,2,2,3,2,2,1,2,3,3,2,2,4,4,2,3,3,1,3,2,NA,1,NA,2,2,NA,3,3,3,2,3,2,3,3,4,2,3,3,NA,3,2,3,2,3,3,NA,2,2,3,3,4,3,1,3,2,1,1,NA,3,NA,2,3,3,4,3,3,3,1,2,2,4,2,4,3,3,3,2,3,4,2,3,3,2,2,NA,3,4,NA,3,1,3,1,2,NA,4,3,NA,4,3,3,2,1,3,4,NA,2,2,3,3,NA,NA,4,NA,3,3,NA,3,2,3,3,3,3,4,NA,4,2,2,3,3,2,3,2,NA,4,3,3,2,2,3,NA,3,3,3,2,3,1,2,3
A_0017,A,7.49,2|2|2|2,2|2|2|2,2|1|1|1,2|1|2|2,2|1|2|1,4,4,4,4,NA,4,4,4,4,4,4,4,4,4,4,4,4,4,4,4,4,3,2,3,3,3,NA,3,3,3,3,3,2,3,2,3,3,3,3,3,4,4,4,4,4,3,3,3,4,3,3,NA,3,3,3,3,4,3,4,NA,3,3,4,4,2,3,4,3,2,4,3,3,3,3,3,NA,3,2,3,3,2,3,3,3,2,3,2,3,3,3,2,2,3,NA,3,3,3,3,3,3,4,NA,3,4,4,3,3,4,NA,4,3,3,4,3,3,3,4,4,3,4,4,4,3,3,2,4,3,3,4,NA,2,4,4,3,4,3,4,3,3,3,2,4,3,3,2,2,2,2,4,NA,NA,3,2,3,2,1,2,2,2,2,2,3,2,2,2,2,NA,2,2,4,2,2,NA,3,2,2,1,2,2,2,2,3,NA,4,1,2,2,2,3,3,2,2,2,3,2,2,NA,3,3,3
A_0016,A,7.56,2|2|1|1,1|2|2|1,2|1|2|1,1|1|2|1,2|2|2|1,2,2,1,1,2,1,NA,2,2,1,2,NA,2,3,3,3,1,2,2,2,2,2,2,1,3,2,2,4,2,3,2,3,2,1,1,2,2,0,4,NA,2,2,1,NA,2,2,1,1,NA,2,2,2,1,2,0,1,2,2,2,2,2,3,3,3,2,2,4,4,2,3,3,2,3,3,4,4,NA,2,3,3,2,2,0,2,2,4,NA,1,0,2,1,2,3,2,3,0,2,1,1,3,2,2,2,2,1,1,1,0,0,0,1,1,2,1,2,3,1,2,1,1,2,3,2,2,2,3,NA,3,3,3,2,3,NA,2,2,3,2,2,2,1,0,1,2,1,2,1,1,2,2,2,NA,1,2,2,2,2,NA,2,1,0,3,2,2,1,1,NA,2,3,3,NA,2,2,3,2,2,3,1,4,2,3,1,2,1,3,1,NA,2,1,2,NA,1,2,2,2,3,2,2,1,2,3
A_0014,A,8.37,2|1|1|1,1|2|2|1,2|1|2|1,2|2|1|1,1|2|2|1,1,1,0,1,1,0,2,2,1,1,2,1,1,2,2,2,NA,NA,1,2,2,1,2,0,2,1,2,3,2,2,NA,NA,1,0,3,2,2,0,3,1,NA,2,2,2,0,2,1,2,2,2,1,1,3,2,2,1,1,3,2,1,2,NA,1,1,1,1,2,3,NA,2,2,1,2,3,NA,3,1,1,1,1,2,2,0,2,2,4,NA,1,2,2,1,2,3,2,3,0,2,1,1,3,NA,2,2,2,NA,3,3,NA,1,1,2,2,1,2,2,3,NA,1,1,1,1,2,2,2,2,3,2,2,2,3,2,2,2,1,1,2,1,1,1,0,1,2,2,2,NA,1,1,2,NA,2,1,1,4,3,NA,2,1,2,2,2,2,1,2,1,1,1,1,2,2,2,2,2,1,1,1,3,1,4,2,3,2,2,1,2,2,NA,2,2,2,2,2,2,1,1,NA,3,2,2,3,NA
A_0010,A,8.57,2|2|1|1,1|1|2|2,1|2|1|2,1|1|1|2,2|1|1|2,2,2,2,1,NA,2,3,NA,2,1,3,3,0,4,2,2,2,1,2,3,2,2,2,NA,3,1,2,2,2,NA,2,3,2,NA,1,1,NA,2,2,1,2,1,2,1,2,1,1,0,1,3,1,1,1,1,0,0,1,2,1,2,2,2,2,3,2,2,NA,3,2,2,1,3,2,NA,3,2,1,2,NA,2,3,3,3,1,3,NA,1,1,NA,1,2,2,2,2,1,NA,1,NA,2,2,0,1,1,2,3,1,2,2,2,2,2,1,3,2,2,1,2,2,1,2,2,2,2,1,1,NA,2,2,3,2,NA,2,2,4,2,3,2,3,4,3,3,2,NA,NA,1,NA,2,1,2,1,2,NA,0,1,1,1,2,1,2,2,2,3,2,3,3,3,3,2,2,NA,3,2,2,3,3,NA,NA,0,2,NA,2,NA,2,1,2,2,2,2,2,1,2,1,2,2,1,1,1,2,1,2
A_0034,A,8.68,2|1|1|1,2|2|2|2,2|1|2|2,1|2|2|2,2|1|1|2,2,2,NA,2,2,2,2,3,2,2,3,2,2,3,3,3,2,3,2,2,2,2,3,1,NA,NA,3,3,2,2,3,2,2,2,2,2,2,1,3,1,NA,2,2,2,1,3,1,1,3,3,2,2,2,3,1,NA,4,2,2,NA,3,2,1,1,1,1,2,0,2,2,0,3,2,1,2,1,1,1,1,1,4,0,3,4,4,4,4,NA,4,4,3,4,4,4,4,NA,4,3,4,4,3,4,4,3,3,3,3,3,3,3,4,4,NA,4,4,4,4,4,4,3,3,3,3,2,3,3,2,3,3,3,3,3,3,4,3,3,3,4,4,4,3,2,3,NA,4,3,NA,4,3,4,NA,2,NA,2,4,4,3,4,4,2,3,NA,2,2,2,2,2,2,3,2,1,2,2,2,2,NA,3,2,4,1,3,2,3,2,2,NA,3,3,NA,NA,1,3,3,2,3,2,2,NA,2,4
A_0008,A,8.92,1|1|2|2,1|2|1|1,2|1|2|1,2|2|1|2,2|2|2|1,2,1,1,NA,2,1,1,2,1,3,1,1,3,0,NA,1,1,2,2,1,2,0,2,1,0,3,NA,2,2,3,2,1,2,1,3,3,4,2,2,3,2,1,NA,2,2,2,2,3,NA,2,2,2,3,2,4,3,2,3,2,2,3,3,3,2,2,2,2,1,NA,NA,NA,2,3,3,2,2,3,2,3,3,1,1,NA,2,1,3,2,2,2,2,1,2,2,3,3,0,2,0,NA,2,2,2,1,NA,2,2,NA,2,NA,2,2,3,1,2,1,NA,1,NA,1,2,2,2,1,2,2,3,1,3,2,2,1,3,2,1,2,3,2,NA,1,1,2,NA,2,3,4,NA,1,2,2,2,1,1,4,4,2,2,2,2,3,2,3,2,2,1,1,2,2,NA,3,3,1,2,3,2,2,3,NA,4,2,3,3,NA,3,3,3,2,3,3,4,2,2,2,2,2,3,4,2,NA,4,3
A_0030,A,10.23,2|2|2|2,2|2|2|1,1|2|2|2,2|1|1|2,1|1|1|2,3,4,3,4,4,4,3,NA,4,3,3,3,4,3,4,4,3,4,3,4,3,4,4,4,3,4,NA,3,4,3,3,4,4,4,NA,3,3,4,3,0,3,3,4,3,4,2,3,3,3,3,2,2,3,2,3,2,3,3,3,3,3,2,2,2,3,3,2,2,3,2,1,3,2,NA,2,2,3,3,2,2,4,NA,3,2,3,NA,4,3,3,3,2,3,2,3,2,NA,2,NA,2,3,3,1,2,2,3,NA,2,3,3,3,2,2,2,3,1,2,NA,3,NA,4,1,2,3,1,NA,2,2,2,2,3,NA,1,2,3,1,1,1,2,2,2,2,3,1,3,2,2,2,1,2,2,3,3,2,3,1,2,3,1,3,3,NA,NA,2,3,3,3,2,2,2,1,NA,3,2,2,2,2,3,1,3,2,2,2,3,NA,2,1,1,2,1,2,3,1,NA,2,0,1,1,3,1,2
A_0012,A,10.72,1|2|1|1,2|2|1|2,2|2|2|2,1|1|2|2,2|1|2|2,3,2,3,1,3,3,1,2,2,2,1,2,2,2,3,3,3,NA,3,2,2,3,2,3,3,2,2,3,2,2,2,3,3,3,2,3,2,2,3,2,2,1,1,1,3,1,2,NA,1,2,2,2,0,1,0,1,2,1,1,2,1,NA,NA,2,NA,3,3,2,1,2,NA,2,1,1,2,2,2,2,2,NA,3,3,NA,4,3,NA,4,4,4,4,4,4,3,3,4,4,4,3,4,3,3,3,2,2,2,1,NA,3,3,NA,2,3,3,2,2,2,2,NA,3,3,4,3,2,3,3,3,3,3,3,3,2,4,3,3,4,NA,4,4,3,4,3,3,3,3,3,NA,3,3,4,3,3,3,2,3,NA,NA,4,3,3,2,3,4,3,4,4,4,4,3,4,4,4,4,4,4,3,4,3,3,4,3,2,2,3,3,2,3,2,3,3,3,3,3,3,3,2,NA,2,3,2,3
A_0024,A,11.39,2|2|1|1,1|1|1|2,1|2|1|2,1|1|1|1,1|1|2|1,2,1,2,0,2,1,2,2,1,NA,2,2,1,3,NA,2,NA,1,2,NA,2,3,2,NA,3,2,2,2,2,1,2,3,2,3,1,2,0,NA,2,NA,1,1,1,1,1,1,1,1,NA,2,1,1,1,1,0,0,1,1,1,1,1,1,2,2,1,2,3,3,1,2,2,1,1,2,2,3,1,1,1,1,2,4,3,1,2,0,1,2,1,1,2,2,1,1,1,3,1,3,2,0,0,1,0,0,1,0,1,1,1,1,0,0,NA,0,1,0,NA,0,1,NA,2,1,1,2,0,1,1,NA,1,1,0,2,1,1,2,1,2,1,1,NA,2,NA,1,1,0,2,2,1,1,1,2,2,0,0,0,1,1,1,1,NA,1,3,1,3,3,3,3,1,2,2,3,2,2,3,2,1,2,1,2,2,0,0,0,1,0,0,0,1,1,1,0,1,0,NA,0,1,0,NA,1,0
A_0031,A,11.48,1|1|2|2,2|1|1|1,1|2|1|1,1|2|1|2,1|2|2|2,1,2,2,NA,1,NA,1,1,2,2,1,1,2,0,1,1,2,NA,1,2,2,1,1,3,1,2,1,NA,2,1,1,1,1,NA,2,1,2,3,NA,3,3,1,2,1,2,2,2,NA,1,2,2,NA,2,2,3,3,1,2,1,2,2,2,2,NA,3,3,1,NA,3,NA,3,NA,2,3,1,2,4,3,2,2,1,0,2,1,0,0,1,NA,NA,1,NA,NA,0,0,0,1,0,1,1,1,1,1,2,0,1,2,1,NA,2,1,3,2,1,3,1,1,0,2,2,2,2,2,3,3,3,2,3,2,2,NA,3,1,2,2,NA,NA,NA,1,1,2,3,2,2,1,2,2,2,1,2,1,1,1,NA,2,1,NA,1,1,2,2,1,2,NA,3,3,3,2,2,1,2,3,3,2,2,2,2,3,2,1,3,2,2,2,1,3,1,3,4,2,2,3,3,3,1,2,4,1,3,2,2
A_0029,A,11.91,2|2|1|1,2|1|2|1,2|2|2|2,1|1|2|2,1|2|1|2,1,NA,2,2,1,2,2,1,3,0,2,2,2,NA,3,3,2,2,NA,3,3,4,3,2,3,3,3,4,3,3,3,4,3,3,2,3,2,2,4,2,3,2,2,2,3,2,1,1,2,3,2,1,NA,2,0,1,2,1,2,3,NA,2,1,2,3,2,2,3,3,1,2,2,NA,2,3,3,1,3,NA,2,4,3,3,3,3,3,3,3,3,NA,3,2,3,4,2,3,2,3,3,NA,2,NA,3,2,2,NA,1,2,2,2,2,2,3,NA,1,2,4,4,2,2,1,2,3,2,3,2,3,NA,1,2,NA,0,3,2,1,2,1,1,2,2,3,3,3,3,NA,3,3,3,4,3,3,3,NA,3,3,3,4,3,3,2,3,2,NA,3,3,3,2,3,2,2,3,3,2,2,3,3,4,3,3,3,1,2,NA,NA,2,2,NA,2,1,2,NA,2,4,2,2,2,2,2,0,3
A_0013,A,12.01,1|2|2|2,1|2|2|1,2|1|2|1,1|2|2|1,2|2|2|1,3,3,2,3,3,2,2,2,3,3,2,3,3,2,2,2,2,2,NA,3,2,3,2,NA,2,NA,NA,3,2,3,NA,NA,3,2,3,4,NA,2,3,3,2,2,1,2,3,3,4,3,2,2,4,4,2,3,3,4,3,2,2,2,3,3,3,2,3,3,3,2,2,3,4,2,3,NA,3,3,3,3,NA,4,2,2,0,2,2,4,2,1,2,2,NA,2,3,2,3,0,2,1,1,3,2,3,3,2,1,2,NA,0,0,0,2,2,2,2,3,4,1,2,2,0,2,3,2,2,2,4,2,3,3,3,2,3,3,2,2,3,2,2,2,1,1,1,NA,1,3,2,NA,3,2,3,1,1,3,2,3,3,2,2,2,1,3,2,NA,1,1,1,NA,3,3,3,1,2,3,2,2,3,1,4,2,3,2,2,1,3,2,3,2,2,3,2,2,3,2,2,4,3,2,1,3,3
A_0021,A,12.23,2|2|2|1,2|2|1|1,2|2|1|2,2|1|1|1,1|2|2|1,3,3,2,NA,3,3,2,3,NA,2,2,2,4,2,4,NA,2,NA,1,2,4,4,3,3,4,3,NA,3,2,3,4,3,2,3,2,3,2,3,3,3,1,3,2,3,1,2,1,2,3,2,2,2,2,2,2,1,3,3,NA,1,4,2,2,3,2,2,3,4,NA,3,3,2,2,3,3,4,2,2,3,NA,1,2,3,2,1,2,3,2,4,4,3,2,1,3,2,3,2,2,3,2,3,1,1,2,1,2,1,2,2,2,1,2,0,1,1,1,2,1,1,3,2,2,2,3,3,2,2,2,1,2,2,2,NA,0,2,1,NA,1,0,1,NA,3,NA,3,1,2,2,NA,2,1,3,NA,NA,2,1,1,1,2,NA,3,3,3,3,3,3,3,3,3,2,3,4,2,NA,3,3,2,3,3,2,NA,1,2,1,2,1,1,1,1,1,2,NA,1,1,1,1,2,2,2,2,1
A_0026,A,12.55,1|2|1|1,1|1|1|2,1|2|1|1,1|1|2|2,1|1|1|1,2,1,2,0,2,1,1,1,1,1,NA,2,1,2,1,1,2,0,2,1,NA,NA,0,1,1,2,0,1,1,1,0,2,1,1,0,1,0,1,1,0,2,NA,1,1,3,1,2,1,1,NA,2,2,0,1,0,1,2,0,1,2,NA,NA,1,0,1,1,1,NA,NA,NA,1,0,NA,0,1,1,0,NA,1,1,1,NA,2,NA,1,1,0,2,0,0,2,1,1,0,1,2,1,2,1,0,1,2,NA,1,2,0,1,2,2,2,1,1,3,NA,2,NA,NA,2,2,0,1,0,0,1,0,0,0,1,0,NA,0,1,0,1,1,1,1,2,1,NA,2,2,2,1,NA,2,NA,1,NA,1,2,NA,0,1,1,1,2,1,1,1,0,1,1,1,1,1,1,0,0,1,1,1,1,1,1,0,NA,0,0,1,0,1,1,1,0,1,1,1,1,NA,1,1,2,1,1,1,1,1,0,2
A_0022,A,13.5,1|2|2|2,2|1|1|2,2|1|1|1,1|1|1|2,2|2|1|2,3,3,4,3,3,NA,2,2,NA,3,2,3,NA,2,2,2,4,2,3,3,2,1,1,2,2,2,2,2,1,3,NA,NA,2,2,2,3,3,NA,2,3,2,1,NA,1,NA,NA,2,2,1,NA,2,2,1,1,NA,2,2,1,1,2,3,3,3,2,4,3,2,2,3,2,3,3,3,2,3,2,3,4,4,4,1,2,2,3,1,1,1,2,2,2,3,NA,2,2,2,NA,NA,1,3,2,1,1,1,1,2,1,NA,3,3,3,2,2,NA,2,1,0,2,2,4,2,3,2,2,3,3,2,2,3,2,1,3,2,NA,3,3,3,3,3,3,4,1,NA,NA,2,2,0,0,1,2,0,0,2,1,NA,1,0,1,1,2,0,3,1,3,1,1,1,1,3,1,2,NA,1,NA,1,2,NA,2,2,1,1,2,3,3,1,3,NA,3,2,2,1,3,NA,3,NA,NA,NA,2,2,1,NA
A_0023,A,13.93,1|2|2|1,2|1|2|1,2|2|1|1,2|2|2|1,2|1|1|1,2,4,2,3,2,2,1,1,4,1,2,3,3,2,2,2,2,2,2,3,3,2,1,2,2,3,2,2,1,NA,2,2,1,2,1,NA,2,2,2,2,1,3,1,NA,2,3,3,3,3,2,4,4,2,NA,3,3,4,3,3,1,NA,1,2,1,1,1,2,1,1,NA,1,NA,1,0,2,1,1,1,3,3,1,NA,2,2,1,2,1,2,2,2,3,0,2,3,1,2,1,2,NA,3,3,2,4,4,2,4,3,NA,2,2,3,2,NA,3,NA,3,3,3,3,2,2,3,2,1,1,3,2,0,NA,NA,2,1,3,2,2,2,2,1,2,2,NA,3,NA,2,2,3,3,3,3,NA,3,NA,3,2,3,2,1,3,2,3,2,2,2,1,1,1,2,2,1,3,NA,NA,2,2,2,1,1,1,0,1,3,2,NA,3,2,3,2,1,2,2,1,2,1,3,3,1,NA,0,3,2
A_0020,A,15.11,1|2|1|2,1|2|1|1,1|1|1|1,2|1|2|1,2|1|2|1,2,1,2,NA,2,3,0,NA,1,2,0,1,2,1,2,2,3,1,3,1,0,1,NA,1,1,1,0,1,1,1,0,1,2,2,1,2,NA,1,1,1,4,2,2,2,NA,1,3,3,2,1,2,2,2,1,2,2,3,1,2,2,2,2,4,2,2,3,3,2,0,2,3,NA,2,2,2,2,2,2,2,2,0,0,0,0,0,1,1,0,1,1,2,NA,0,0,1,0,1,0,0,0,3,NA,1,2,1,1,NA,1,NA,1,0,NA,1,0,2,2,1,NA,1,2,2,3,1,1,1,2,1,1,2,2,0,3,2,NA,2,1,2,2,1,1,0,1,1,1,0,1,1,1,1,1,2,2,1,1,1,1,1,1,NA,1,NA,2,0,1,1,1,2,1,2,2,1,NA,2,2,1,1,0,1,1,1,2,2,2,4,0,2,1,1,2,3,1,2,1,3,2,1,2,2,3,2
A_0028,A,15.16,2|2|2|1,1|1|2|1,2|1|1|1,1|1|1|1,2|2|1|1,2,3,NA,2,2,2,2,2,3,NA,3,3,2,3,2,2,1,2,2,3,3,2,2,1,3,2,3,3,1,3,3,2,1,2,1,2,2,1,3,2,1,2,1,2,1,NA,NA,1,3,NA,2,2,NA,2,1,NA,2,2,2,1,2,3,3,3,2,1,3,3,3,3,2,3,4,2,4,3,1,2,4,4,1,2,NA,1,1,2,0,0,1,NA,1,0,2,2,1,1,NA,1,1,2,0,0,1,1,1,1,1,0,0,0,0,0,1,1,0,1,1,1,0,0,1,2,1,1,1,2,1,1,2,1,2,1,3,1,1,3,1,3,2,1,0,NA,1,NA,4,0,0,1,1,0,0,0,1,NA,1,0,NA,1,1,0,3,1,2,0,0,0,1,2,1,2,1,0,1,1,2,1,NA,2,1,1,1,2,1,1,NA,2,2,0,1,0,NA,NA,1,1,2,1,2,0,1,NA
A_0033,A,15.47,1|1|1|1,2|1|2|1,1|1|2|2,1|2|1|1,1|1|1|2,0,NA,1,2,0,1,1,0,2,0,1,NA,NA,NA,1,1,1,NA,1,2,NA,1,2,1,1,2,1,1,1,1,NA,1,2,1,2,NA,2,1,1,1,1,0,0,0,0,1,1,1,0,1,1,1,1,1,1,2,0,NA,0,0,1,0,4,0,1,1,0,0,1,0,0,1,0,0,NA,0,1,1,0,0,4,2,2,2,3,2,3,2,NA,2,1,3,2,NA,NA,2,NA,2,2,3,1,1,3,1,1,3,2,1,1,0,2,1,1,NA,1,NA,2,2,2,1,1,2,3,1,2,2,2,1,1,2,2,0,2,2,NA,1,1,1,2,2,2,0,1,1,2,2,2,2,0,3,1,NA,2,0,2,3,3,2,3,2,1,NA,1,2,2,2,NA,1,2,0,1,2,1,1,0,NA,2,1,3,1,2,0,1,0,2,0,1,NA,0,1,NA,2,1,1,1,1,3,2,1,1
A_0049,A,16.58,2|1|2|2,2|2|2|1,2|2|2|2,1|1|1|2,2|1|2|2,2,3,2,3,2,2,NA,4,3,3,3,2,3,2,NA,3,2,4,2,3,4,3,4,3,3,3,4,3,4,3,4,3,3,4,4,3,4,NA,3,4,3,2,3,2,2,2,1,1,3,2,1,2,2,2,2,2,2,2,2,2,4,3,3,3,2,3,NA,2,3,4,2,2,3,3,2,2,4,2,3,2,4,NA,3,3,3,4,4,3,4,2,3,3,3,4,3,4,3,3,NA,4,2,1,2,NA,2,2,1,2,NA,2,1,NA,3,3,1,2,3,2,1,3,3,4,4,2,3,4,NA,NA,4,4,3,3,NA,4,4,2,3,3,3,3,3,3,2,3,3,NA,2,2,2,2,3,2,2,3,NA,2,2,2,3,2,3,2,3,4,4,4,4,3,4,4,NA,4,4,NA,4,4,4,3,3,3,2,2,2,2,NA,1,2,3,3,NA,3,2,NA,1,NA,2,1,2,2,3
A_0038,A,17.45,2|2|2|2,1|2|2|1,2|1|1|2,2|2|2|1,1|2|1|2,NA,3,3,3,3,3,3,3,3,3,3,3,3,3,3,3,2,NA,3,3,NA,3,3,3,4,2,3,NA,2,3,4,2,3,3,3,NA,3,3,3,3,3,4,3,4,3,4,4,4,3,3,4,4,4,4,4,4,4,4,4,3,3,NA,2,3,4,3,2,3,4,2,3,3,3,3,3,3,3,4,3,3,2,3,1,1,2,NA,2,0,3,3,1,3,2,3,2,2,2,2,NA,2,3,3,3,3,2,3,3,1,1,2,2,NA,2,2,3,NA,2,3,2,2,0,1,2,1,3,1,2,3,NA,3,3,1,2,2,0,2,1,2,0,1,2,NA,3,3,2,3,3,4,3,4,3,3,3,2,3,3,3,4,NA,3,3,1,3,2,2,2,1,2,1,NA,2,1,0,1,NA,2,2,2,NA,NA,3,2,3,2,4,3,NA,2,1,2,2,3,3,4,NA,3,3,NA,2,2
A_0045,A,17.77,1|2|2|2,1|2|2|2,1|1|1|1,1|2|1|1,2|1|2|1,NA,3,4,NA,4,4,3,3,3,4,3,4,3,NA,2,2,3,2,4,3,1,1,1,2,2,2,1,1,1,2,1,1,NA,1,2,2,2,2,1,2,2,1,1,1,2,2,3,3,1,2,3,3,2,3,3,3,2,3,2,1,2,2,3,2,1,3,3,3,NA,3,3,3,2,2,2,2,3,2,3,3,1,2,NA,1,2,1,1,1,1,1,1,2,2,1,NA,2,2,2,1,1,1,3,2,2,2,NA,3,1,1,2,2,3,2,2,NA,NA,1,3,2,1,3,3,2,NA,1,4,2,2,NA,3,3,4,NA,2,3,3,4,3,4,2,NA,0,1,0,1,1,NA,1,1,1,0,NA,1,0,1,1,1,1,NA,NA,1,2,0,1,1,1,2,1,2,2,1,1,2,2,2,1,1,1,1,1,2,1,2,2,1,2,2,2,2,1,2,2,1,0,NA,2,1,2,2,1
A_0047,A,17.77,1|1|2|1,2|2|2|1,2|2|2|1,1|1|2|2,1|1|1|1,2,3,1,2,1,2,2,2,3,3,2,2,3,1,2,2,1,3,1,3,3,NA,2,1,2,NA,2,2,NA,3,2,1,1,2,3,1,2,4,2,2,1,2,1,2,1,2,4,1,3,1,2,2,NA,2,1,2,2,2,2,2,0,0,1,1,0,0,0,0,0,1,0,1,1,0,0,0,1,0,1,1,4,2,2,3,2,4,3,3,NA,3,3,2,3,NA,3,3,3,2,2,4,3,1,3,2,2,2,1,2,2,2,NA,2,3,3,2,3,NA,3,2,3,1,2,2,1,2,2,2,1,2,2,1,1,2,2,2,1,1,2,1,NA,2,3,3,2,3,2,2,2,NA,2,2,2,NA,3,NA,NA,1,2,2,1,1,1,2,1,1,1,1,1,1,2,1,2,2,1,2,NA,1,2,1,2,0,1,NA,1,0,1,NA,1,2,2,1,0,2,1,1,1,1,0,0,2
A_0039,A,18.16,2|2|2|2,1|1|1|1,2|2|2|2,2|2|2|2,2|2|1|2,2,2,2,2,2,2,2,NA,2,NA,NA,2,2,2,2,NA,2,NA,2,2,4,4,4,4,4,4,4,4,4,4,4,4,4,4,4,4,4,4,4,4,NA,4,4,4,4,NA,NA,4,4,4,4,4,4,NA,4,4,NA,4,4,NA,4,4,3,3,4,NA,3,3,4,3,3,4,4,3,4,3,3,4,4,4,2,2,2,NA,2,2,2,2,2,NA,2,2,2,2,2,2,2,2,2,NA,2,2,2,2,2,2,2,2,2,2,2,2,2,2,2,2,2,2,4,2,1,1,1,1,2,1,1,2,1,1,2,1,2,2,1,2,1,2,2,2,4,4,4,4,4,4,4,4,4,4,4,4,4,4,4,4,4,4,4,4,4,NA,NA,3,NA,3,NA,4,3,3,NA,3,3,3,4,3,4,3,4,3,4,4,NA,3,4,4,4,3,3,3,NA,3,NA,4,4,4,NA,3,3,4
A_0035,A,19.54,2|1|1|1,2|2|1|1,1|2|1|1,1|2|1|1,2|2|2|1,1,1,1,1,1,0,1,2,1,1,1,NA,2,1,NA,3,1,3,0,1,2,2,1,1,0,1,1,1,2,0,1,2,0,2,0,0,NA,1,1,1,2,1,1,1,0,2,1,1,1,2,1,NA,2,2,1,1,NA,2,1,1,2,3,2,3,1,1,NA,2,2,3,2,1,3,3,3,3,1,NA,2,2,1,0,2,1,0,1,2,2,2,2,NA,1,0,1,1,1,1,1,1,1,2,2,NA,0,NA,2,1,1,1,1,NA,2,0,2,2,2,1,2,NA,2,3,3,NA,3,3,3,3,2,3,2,1,3,3,NA,3,2,2,2,1,2,2,1,2,0,1,2,2,1,2,1,1,1,1,1,1,1,1,1,1,2,2,NA,2,2,2,2,3,3,2,3,3,2,3,3,3,1,2,2,1,3,2,2,1,2,2,3,3,2,2,1,2,2,1,1,3,3,2,2,3,1
A_0037,A,19.6,1|1|1|2,2|2|2|2,1|2|1|1,1|2|2|2,2|2|2|2,2,2,3,3,2,NA,2,2,2,3,2,2,2,3,2,NA,NA,2,3,2,1,1,0,2,NA,1,0,0,NA,0,NA,1,1,1,1,1,NA,2,0,NA,3,1,2,1,2,2,2,2,2,2,2,3,NA,2,2,3,NA,2,1,3,3,3,NA,2,3,3,2,3,2,2,3,2,2,2,2,2,3,3,3,2,2,2,3,2,2,NA,2,3,1,2,3,2,2,2,2,3,2,3,2,2,3,NA,4,3,3,3,3,3,3,3,NA,4,4,4,4,4,4,4,4,3,4,4,4,4,4,4,4,4,4,4,4,4,4,4,4,4,4,4,4,1,3,2,3,1,2,3,NA,NA,3,2,2,2,NA,NA,2,2,1,2,2,2,2,3,3,3,3,3,3,3,2,3,3,3,NA,NA,3,2,3,2,NA,3,3,3,3,3,NA,4,4,4,NA,4,3,4,NA,3,4,4,3,3,3,4
A_0042,A,20.72,2|1|2|1,2|1|1|2,2|2|2|1,1|2|2|1,1|2|2|2,2,2,1,2,1,2,NA,3,2,2,3,2,2,NA,2,2,NA,3,1,2,4,2,3,1,2,3,3,3,3,3,3,2,1,3,2,1,2,2,3,3,2,3,1,3,0,NA,1,NA,3,2,3,2,2,4,2,3,2,NA,NA,2,NA,2,3,4,3,2,2,2,4,3,2,2,3,3,2,3,NA,2,2,2,NA,2,3,4,2,3,2,4,2,2,4,2,NA,2,3,2,3,1,3,3,2,NA,3,2,1,NA,NA,2,2,1,4,2,2,2,3,2,2,1,4,1,3,2,3,3,3,2,3,3,1,2,3,2,2,2,3,2,2,NA,2,NA,2,2,3,1,3,3,3,NA,4,3,2,2,3,2,4,3,2,3,2,2,2,2,NA,3,3,NA,2,2,2,3,NA,4,3,2,3,4,2,4,NA,4,2,1,2,2,3,3,2,3,2,3,2,3,3,3,NA,3,2,3,2,2
A_0027,A,21.01,1|1|1|1,1|2|1|2,1|2|1|2,2|1|2|1,2|1|2|1,2,NA,1,0,2,1,1,NA,0,2,1,1,1,1,1,1,1,1,1,0,1,1,NA,NA,1,1,NA,0,1,0,NA,1,1,2,1,1,NA,2,NA,1,1,2,NA,2,1,NA,1,1,2,0,1,1,1,1,1,NA,2,1,NA,1,1,1,2,1,0,1,2,1,0,2,1,1,1,1,0,1,1,0,1,1,1,2,3,1,2,1,2,2,2,2,2,3,1,1,2,3,2,3,2,0,NA,3,NA,NA,NA,1,2,2,2,2,0,1,2,0,3,2,1,1,2,2,3,2,1,2,1,2,1,2,3,2,0,4,2,2,NA,2,3,3,2,2,2,NA,NA,2,0,3,3,2,NA,2,4,4,NA,1,1,2,2,2,1,3,2,4,1,3,3,3,4,2,3,3,3,2,3,4,3,1,2,1,2,2,2,2,2,4,1,2,1,1,2,3,1,2,1,NA,2,NA,2,2,3,NA
A_0036,A,21.18,1|2|2|1,2|1|2|1,2|2|2|2,2|1|2|2,1|2|2|2,2,NA,1,3,2,3,2,1,4,1,2,3,3,NA,NA,2,2,2,2,4,3,3,3,3,4,4,3,3,NA,4,3,3,3,3,3,3,3,3,3,3,1,3,2,3,NA,2,NA,2,3,2,3,2,1,2,2,2,4,2,3,2,1,1,3,3,3,3,2,3,NA,NA,3,3,2,3,2,3,NA,3,2,3,4,3,3,3,3,3,3,3,NA,3,3,3,NA,4,2,3,2,3,3,4,3,1,3,3,NA,3,2,3,3,2,2,1,3,NA,1,2,NA,2,2,3,2,3,4,3,3,3,4,2,2,3,3,1,3,NA,2,2,2,1,2,2,3,4,3,NA,3,3,3,3,3,NA,4,4,3,NA,3,1,2,3,3,3,3,3,4,4,4,NA,3,3,3,3,4,4,3,NA,3,4,3,4,3,4,2,3,3,3,3,2,2,3,3,4,4,3,4,4,2,3,3,3,NA,3
A_0040,A,22.25,1|1|2|1,1|2|1|2,1|2|1|1,1|2|2|2,2|1|2|1,3,1,2,1,3,2,2,3,1,3,2,2,NA,1,1,NA,1,2,1,1,2,0,1,1,1,2,2,0,1,1,1,1,0,2,1,0,1,2,0,NA,2,NA,1,2,NA,3,1,2,3,2,3,3,NA,3,2,3,2,3,3,2,1,1,2,2,0,1,2,1,1,NA,1,NA,NA,1,1,1,2,0,2,2,0,1,2,1,1,1,1,2,1,1,2,2,NA,0,2,2,2,2,1,NA,2,4,2,2,NA,1,2,2,2,3,3,4,3,2,4,3,2,NA,3,2,3,2,1,2,1,NA,1,2,3,2,1,4,1,1,3,2,3,NA,NA,2,3,2,3,1,2,3,NA,2,3,2,2,2,1,2,2,2,1,2,2,2,1,3,1,2,2,2,3,2,2,3,2,2,3,3,2,1,2,1,1,NA,2,2,2,3,1,3,3,3,4,3,2,2,2,1,3,2,2,0,3,NA
A_0058,A,23.17,2|1|2|1,1|1|2|1,2|2|2|1,1|1|1|2,2|2|1|2,1,2,0,2,0,2,3,NA,2,NA,2,2,1,2,2,1,0,2,1,1,4,2,3,2,2,3,3,3,3,3,3,2,1,3,3,1,2,2,3,2,1,2,2,NA,1,2,1,0,3,2,1,1,1,2,1,1,1,1,NA,2,3,3,2,3,3,1,2,NA,NA,3,1,3,4,2,3,2,2,2,3,3,3,2,2,2,2,1,1,NA,1,1,NA,1,3,2,2,NA,2,2,1,3,0,0,1,1,2,1,NA,1,1,0,0,1,2,1,0,1,NA,NA,0,1,2,2,2,2,2,2,2,2,1,2,0,1,3,NA,NA,3,2,1,2,NA,2,3,2,2,3,NA,2,1,2,1,2,1,0,3,2,1,NA,1,2,1,3,2,4,3,2,2,2,3,2,3,2,3,3,2,2,2,3,3,3,3,2,2,1,1,2,NA,3,3,2,1,NA,1,3,2,2,1,2,1,1,3
A_0032,A,23.18,2|2|1|1,1|2|1|2,1|1|2|1,1|2|2|2,1|1|1|2,3,1,2,NA,NA,2,2,3,1,2,NA,NA,2,3,3,3,2,2,2,0,1,3,2,0,1,2,1,3,2,2,1,3,2,1,1,1,1,0,NA,0,3,2,2,2,2,3,2,NA,NA,4,3,2,NA,3,1,2,2,2,2,3,2,1,1,1,2,2,2,1,NA,1,NA,2,1,1,2,2,1,2,1,1,1,1,1,2,2,2,2,2,1,1,1,3,NA,0,NA,1,3,1,1,1,NA,4,2,2,2,1,2,NA,2,NA,3,NA,3,2,4,3,2,3,NA,2,1,0,1,1,2,0,0,3,1,2,1,2,0,NA,1,1,1,3,2,2,2,1,2,1,3,2,2,2,2,NA,1,1,2,1,3,3,3,2,3,1,NA,0,1,1,1,1,0,0,1,0,NA,2,1,0,0,2,1,1,2,1,NA,NA,2,1,2,1,2,3,2,2,2,3,3,2,2,NA,1,2,1,3
A_0041,A,23.21,2|2|1|2,2|1|1|1,2|1|1|2,1|1|1|1,2|1|1|2,1,2,2,2,1,1,1,NA,2,1,1,1,2,2,3,3,3,NA,2,2,2,3,NA,3,3,1,2,3,2,2,NA,3,3,2,2,4,2,2,3,2,2,1,2,1,2,1,2,2,0,2,1,NA,2,1,1,1,1,1,1,2,4,3,2,1,3,3,3,2,2,2,2,3,NA,2,3,2,2,3,2,2,NA,2,2,2,1,2,2,1,3,NA,2,1,1,NA,NA,1,1,1,3,2,NA,0,1,0,0,1,0,1,NA,0,NA,0,NA,1,0,0,NA,0,1,1,2,2,2,0,2,2,1,1,1,1,1,1,2,3,2,1,1,2,2,3,1,1,1,2,1,1,1,2,1,2,1,1,1,3,1,1,NA,2,1,1,3,2,2,2,2,2,2,2,NA,2,1,1,1,2,2,2,3,1,3,0,2,1,2,1,1,1,1,1,1,1,0,1,1,NA,1,NA,1,1,1,2
A_0052,A,23.42,2|2|1|1,1|1|2|2,1|2|2|2,2|1|2|1,1|1|1|2,NA,2,NA,2,2,3,3,NA,2,1,NA,3,1,4,3,2,2,1,NA,2,2,4,3,NA,2,3,3,3,3,2,2,4,3,3,2,2,2,2,3,2,1,NA,2,3,2,2,3,NA,2,NA,2,1,2,2,1,1,2,1,2,3,NA,1,2,1,3,2,2,1,2,1,1,2,1,1,2,2,0,2,NA,1,2,3,2,2,4,2,NA,3,1,1,2,3,3,2,2,3,2,4,NA,2,2,2,2,4,3,2,3,2,2,2,2,1,2,1,2,2,NA,2,2,1,1,1,2,1,0,1,1,2,0,2,3,1,1,2,1,2,2,2,2,2,2,2,2,2,1,3,3,NA,2,2,3,4,2,2,2,3,3,2,2,3,1,2,2,2,3,3,2,2,1,1,NA,NA,2,NA,2,3,3,1,2,2,2,1,1,1,2,1,0,0,1,2,2,2,2,3,1,1,2,2,2,2
A_0050,A,24.54,1|2|2|2,2|1|1|2,2|1|2|2,2|1|1|1,2|1|2|2,3,3,3,3,3,3,NA,2,3,3,2,3,3,2,2,2,4,2,3,3,2,3,3,4,4,NA,2,NA,2,4,3,2,4,2,3,4,4,3,3,3,1,2,1,2,3,1,3,2,1,1,2,NA,2,1,3,2,3,2,1,NA,3,2,4,2,2,4,3,3,2,3,3,3,2,2,2,1,4,NA,NA,3,3,3,3,4,3,3,3,3,3,3,3,3,3,3,NA,2,3,2,4,3,2,2,1,2,2,2,2,3,3,2,2,1,1,1,1,NA,1,4,2,2,4,NA,3,2,2,2,2,2,2,2,3,3,2,3,3,2,3,NA,3,4,1,2,1,3,2,1,1,NA,1,2,1,2,3,2,2,2,3,NA,NA,NA,3,3,2,3,NA,3,3,2,4,3,2,3,3,3,3,4,NA,3,3,2,3,2,3,3,2,1,1,2,2,2,3,3,1,2,1,1,2,3,3,2
A_0044,A,24.75,2|2|1|1,2|2|1|1,2|1|2|2,2|2|2|2,2|1|1|2,2,2,2,0,2,1,1,2,2,1,1,1,3,2,3,4,2,3,1,2,2,4,3,3,3,2,2,4,2,3,3,3,3,2,1,3,1,1,4,1,NA,3,3,NA,3,0,3,3,3,4,3,NA,NA,3,2,2,2,2,3,4,NA,NA,NA,NA,3,NA,3,1,2,2,1,3,2,1,3,2,1,NA,1,2,3,2,2,3,2,NA,4,2,4,4,2,3,2,3,3,2,3,1,3,3,4,3,3,2,2,NA,2,3,3,3,3,3,2,3,NA,3,3,3,3,4,NA,2,2,1,3,2,NA,2,NA,2,2,2,2,3,2,1,1,3,1,3,3,3,NA,4,4,3,3,4,3,NA,3,3,4,3,4,4,4,4,4,3,3,2,2,2,2,2,NA,2,3,2,1,NA,2,2,2,NA,3,2,3,1,4,3,4,3,3,3,3,NA,3,3,3,3,2,NA,3,NA,3,3,NA,4
A_0043,A,24.85,2|2|1|1,2|1|1|1,1|2|2|1,1|1|2|1,2|1|1|1,1,2,1,NA,1,1,1,NA,2,0,NA,1,2,2,3,3,2,2,1,NA,2,3,2,1,1,3,2,NA,3,2,1,3,2,2,2,1,1,1,3,NA,1,2,1,2,3,2,1,2,2,2,2,1,1,2,0,NA,2,1,2,3,2,2,1,1,2,1,NA,NA,1,2,1,2,2,NA,3,2,0,1,1,2,NA,0,2,2,NA,NA,2,3,1,1,2,1,1,1,1,1,1,1,1,2,2,0,NA,1,0,1,0,1,1,NA,2,0,1,1,NA,1,2,0,2,1,2,2,1,0,1,NA,NA,0,1,NA,0,NA,2,2,2,1,1,1,1,2,NA,1,2,0,1,2,2,1,2,1,2,2,1,1,2,2,1,1,1,1,1,NA,1,1,1,1,2,2,1,2,1,2,3,2,2,1,2,1,2,2,1,1,1,2,0,2,NA,0,NA,1,1,0,1,1,2,0,2,0,1,2
A_0055,A,26.62,1|1|1|2,1|1|1|1,2|2|1|2,2|2|2|1,1|1|2|1,0,0,1,1,1,0,0,0,0,1,0,0,0,0,0,0,1,0,1,0,2,1,1,3,2,1,2,1,2,1,2,2,2,2,2,3,2,3,1,3,2,2,2,2,2,2,NA,3,1,NA,2,0,3,NA,3,3,3,3,2,1,1,1,NA,1,0,2,NA,2,1,1,2,0,0,2,0,1,2,1,1,0,NA,2,2,1,1,1,1,1,2,2,2,1,1,2,1,1,1,2,2,NA,2,2,2,2,1,2,2,1,1,2,2,1,1,1,NA,2,1,2,2,1,1,1,1,1,0,1,1,0,1,1,0,1,0,0,1,0,1,0,1,0,3,3,NA,3,2,4,NA,4,4,4,3,4,NA,3,3,3,3,4,2,4,2,3,2,3,3,3,3,2,NA,3,3,2,2,3,3,3,2,2,1,2,2,1,3,3,2,2,NA,1,2,3,1,3,NA,2,2,3,2,3,3,1
A_0048,A,26.88,1|1|1|2,1|2|1|2,1|1|2|2,2|1|2|2,2|1|2|1,2,0,3,2,3,1,1,NA,0,3,1,NA,1,1,0,1,NA,1,2,0,NA,2,2,2,1,1,1,0,2,1,1,1,3,1,2,2,3,2,1,2,2,2,3,2,3,1,NA,2,2,1,1,2,2,1,2,2,3,2,1,2,2,2,1,1,0,2,NA,2,1,2,2,0,1,NA,1,1,NA,1,2,1,1,2,2,2,3,3,3,3,2,NA,1,4,2,NA,3,3,NA,2,2,1,3,3,1,3,3,NA,2,3,3,4,2,3,2,1,3,2,2,2,2,3,3,2,1,3,2,3,1,2,NA,NA,2,NA,NA,1,2,2,3,3,3,2,2,2,1,3,2,NA,2,2,1,2,3,3,2,2,2,3,3,2,3,2,2,3,0,2,2,2,3,2,3,2,2,2,NA,3,3,2,2,4,3,2,2,3,3,3,1,2,NA,2,4,3,4,2,3,2,2,2,NA,2,2,3
A_0077,A,27.11,2|2|1|1,1|1|1|1,1|1|2|1,2|1|2|1,2|1|2|2,0,1,1,0,1,1,1,NA,1,0,1,0,1,2,2,2,NA,1,NA,1,1,3,2,2,1,2,1,3,2,NA,NA,2,1,NA,1,1,0,0,3,2,1,3,2,3,2,3,3,2,2,2,2,1,NA,2,1,1,2,1,2,3,3,2,3,2,4,3,4,2,2,NA,2,2,3,NA,3,2,2,3,1,2,1,0,0,1,1,1,1,1,0,0,0,1,1,0,1,1,1,1,0,1,2,1,2,2,1,NA,1,1,1,2,1,NA,1,0,1,1,NA,1,1,1,NA,1,2,1,1,2,1,1,2,NA,2,NA,1,2,2,1,1,2,2,1,0,NA,2,1,1,1,0,1,1,1,1,2,2,1,NA,2,2,1,1,1,2,2,2,NA,NA,NA,2,1,2,2,1,3,2,2,2,2,2,2,2,2,2,2,3,3,2,2,1,1,3,4,3,2,2,2,2,2,4,NA,3,3
A_0054,A,27.5,1|2|1|2,1|2|1|2,2|1|1|2,2|1|1|2,2|1|1|2,3,NA,4,2,4,2,1,1,1,3,1,2,2,2,1,2,3,1,3,1,1,2,1,4,1,1,1,2,1,2,2,2,3,1,1,4,2,2,2,2,3,1,3,1,4,0,NA,2,1,2,1,1,2,0,2,1,2,4,NA,2,3,2,2,0,2,3,NA,2,2,1,2,2,1,1,NA,1,2,3,2,2,1,3,2,NA,2,2,2,1,3,3,2,3,2,0,NA,2,3,2,3,1,2,3,0,2,3,1,2,3,3,4,1,3,1,1,2,1,NA,2,1,NA,1,1,1,2,2,2,0,NA,2,2,3,3,1,2,2,2,2,4,2,3,2,3,1,4,NA,1,2,2,1,2,2,2,2,3,1,1,2,2,2,2,3,NA,2,2,2,2,2,2,3,2,1,1,1,2,2,2,3,NA,2,0,2,3,2,2,NA,4,2,2,2,2,4,2,2,NA,1,1,2,2,NA,NA
A_0064,A,27.61,1|2|2|2,1|2|2|1,2|2|1|2,2|1|2|1,1|2|2|1,3,NA,3,3,3,3,3,2,3,3,2,3,3,2,2,2,2,2,3,3,3,2,2,3,4,NA,3,NA,2,3,4,3,4,3,3,4,3,4,2,3,2,3,2,3,3,2,2,3,NA,1,3,3,2,2,3,NA,4,3,2,2,1,2,NA,3,2,3,NA,4,2,2,4,2,1,3,2,3,3,NA,3,3,2,NA,2,1,2,2,2,1,3,3,2,2,2,3,2,3,NA,3,2,2,3,2,NA,3,2,2,2,1,1,3,NA,1,2,0,2,4,2,3,1,2,2,3,2,2,2,2,3,2,2,3,1,2,2,1,1,2,2,2,2,0,2,3,4,3,1,3,2,3,3,3,3,4,2,NA,2,2,2,3,1,3,3,3,2,3,3,3,3,3,3,3,3,2,3,3,3,3,1,3,2,3,NA,2,NA,2,2,2,1,1,2,3,1,NA,2,3,2,3,NA,2,2,NA
A_0062,A,27.85,2|2|2|2,1|2|2|1,1|1|1|1,1|2|1|2,2|2|1|2,NA,3,3,3,3,3,4,3,3,3,3,NA,3,3,3,3,2,3,3,3,2,NA,NA,2,3,2,2,2,2,2,2,2,2,2,2,2,NA,2,2,2,NA,2,3,2,3,3,3,3,3,4,3,3,3,NA,3,3,2,3,3,0,4,4,3,2,NA,3,3,3,4,3,3,NA,4,3,4,NA,3,NA,4,4,1,1,0,0,1,1,1,0,1,1,0,1,1,1,1,2,1,1,0,1,1,2,NA,1,2,2,2,1,1,1,2,3,NA,NA,NA,NA,2,3,1,2,2,3,2,3,3,4,NA,3,2,3,3,2,NA,3,1,3,2,2,2,2,2,1,0,1,NA,1,NA,NA,NA,1,1,0,1,1,NA,1,1,1,2,1,1,NA,2,1,1,1,1,2,1,1,2,1,NA,1,1,1,2,1,2,NA,NA,3,2,2,3,3,4,4,2,1,3,2,3,2,3,2,2,2,2,3
A_0056,A,28.6,2|2|1|2,2|1|2|1,1|1|2|2,1|2|2|2,2|1|1|2,NA,3,2,2,2,2,2,2,3,NA,2,NA,2,3,4,3,3,2,3,3,1,NA,3,3,NA,2,NA,3,NA,2,2,3,4,2,2,3,3,2,NA,2,NA,2,3,NA,3,3,3,4,NA,NA,3,3,3,3,2,3,2,3,3,4,4,3,2,1,3,NA,3,2,3,2,2,2,2,2,3,2,2,NA,2,2,3,2,1,2,3,3,3,2,2,2,NA,2,2,3,1,3,1,2,2,NA,2,NA,NA,2,2,3,2,2,2,1,3,2,4,NA,NA,3,4,2,3,NA,3,3,3,NA,2,2,2,1,2,2,3,1,3,4,NA,2,2,1,2,3,3,1,2,NA,3,3,3,3,2,3,3,NA,NA,NA,3,4,3,3,4,2,2,2,1,1,2,2,2,2,2,1,1,2,2,2,NA,2,3,1,3,1,4,2,2,2,2,3,3,3,3,2,3,2,3,2,3,1,NA,2,2,2
A_0046,A,29.56,1|1|1|2,2|2|1|1,2|2|2|1,1|2|1|2,1|2|1|2,1,0,2,1,2,0,0,1,0,2,0,0,1,0,0,1,1,1,NA,0,2,1,1,2,1,2,1,2,3,2,1,1,2,1,3,2,NA,2,2,2,3,0,2,0,2,1,2,2,1,2,1,2,2,1,NA,2,1,2,1,1,2,2,1,1,2,2,0,2,3,NA,2,1,1,2,1,1,2,NA,2,1,2,1,1,NA,1,3,2,2,2,2,2,2,2,1,3,2,3,1,1,2,1,2,1,0,1,1,1,1,1,2,1,3,1,2,2,2,1,3,1,2,0,0,1,2,3,1,1,3,1,2,1,1,NA,1,0,1,0,2,0,1,3,3,3,2,NA,2,2,2,3,2,1,3,3,3,3,2,2,2,3,2,2,1,4,2,2,2,1,2,1,2,NA,3,2,1,2,2,NA,3,2,3,2,2,2,NA,NA,2,3,3,1,2,1,2,NA,2,NA,3,1,2,2,2
A_0066,A,30.22,1|1|2|2,2|1|2|2,1|1|2|1,2|2|2|1,1|2|2|1,2,3,2,4,NA,3,2,NA,3,3,3,4,2,2,2,2,3,2,3,2,1,NA,2,0,1,1,1,1,2,2,1,0,1,1,3,1,3,2,1,3,NA,3,2,3,2,3,2,3,2,1,3,4,0,NA,4,NA,4,4,3,1,1,2,2,3,1,2,1,3,2,NA,3,2,1,3,1,NA,3,1,3,2,1,2,2,3,0,2,2,3,1,1,2,2,3,2,2,2,2,NA,2,3,3,3,4,4,NA,3,4,NA,3,3,3,3,2,3,3,3,3,3,4,NA,3,2,3,2,NA,1,4,2,2,2,2,2,3,2,3,3,3,2,3,2,2,1,2,1,2,NA,1,2,2,1,1,2,3,NA,3,3,3,NA,NA,2,1,1,2,1,1,NA,1,1,1,NA,NA,2,3,1,1,1,0,NA,2,3,3,3,3,3,3,3,2,2,2,3,1,3,2,3,3,4,3,NA,3,1
A_0072,A,30.58,2|1|2|2,1|1|1|1,2|1|2|2,1|1|2|2,2|2|2|1,2,1,1,2,2,1,2,1,1,2,2,2,1,1,1,1,1,2,1,1,3,3,4,3,3,2,3,3,3,3,3,2,2,3,3,3,3,3,3,3,2,3,3,3,2,2,1,2,4,2,2,3,3,3,2,NA,3,3,NA,3,3,4,NA,4,2,2,3,NA,3,NA,NA,3,3,4,3,2,4,2,4,2,2,2,1,2,2,2,2,1,2,2,1,2,NA,2,2,2,2,1,2,2,1,0,1,1,1,0,0,1,1,1,NA,1,2,1,NA,1,2,0,1,1,2,NA,1,4,2,1,2,1,2,NA,1,2,2,NA,2,2,2,2,2,1,2,2,2,3,3,2,2,2,2,4,3,NA,2,NA,3,3,2,3,3,1,NA,3,NA,2,2,2,NA,3,3,3,NA,2,3,3,3,2,2,4,4,3,NA,2,2,2,1,3,3,3,NA,2,2,2,3,1,3,2,NA,1,1,3
A_0063,A,30.74,2|1|1|1,1|2|1|2,2|1|2|1,1|1|1|1,1|1|1|2,2,0,2,1,2,1,2,2,0,2,2,1,1,2,1,1,1,2,1,1,2,2,2,2,1,1,1,3,2,2,1,1,0,1,1,1,1,0,3,1,0,NA,NA,NA,0,1,1,0,1,1,0,NA,NA,1,0,0,0,0,1,1,2,1,NA,1,NA,1,1,0,2,1,0,NA,2,0,1,1,NA,1,0,0,2,2,2,NA,2,2,2,2,2,2,2,3,1,1,4,2,4,1,2,2,1,2,0,1,1,1,1,1,1,2,2,2,0,1,2,1,0,1,1,NA,0,1,1,2,1,2,1,3,1,2,2,2,0,1,1,1,3,2,NA,2,0,1,1,1,2,0,NA,1,1,1,0,NA,2,1,2,1,1,1,NA,0,1,0,2,2,1,1,0,0,2,1,0,2,1,0,0,1,1,1,1,1,0,0,0,0,1,0,0,0,0,1,1,1,NA,1,0,0,0,1,1,1
A_0051,A,32.04,1|2|1|1,1|2|2|1,1|1|2|2,1|2|1|1,2|2|1|1,2,2,2,NA,2,2,1,1,2,1,1,2,2,2,2,2,1,1,NA,2,0,3,2,2,2,2,1,2,1,2,1,2,3,1,1,2,2,1,2,1,1,0,0,0,1,1,2,2,0,2,2,NA,NA,1,1,1,0,1,1,1,1,2,1,1,2,1,2,2,NA,1,NA,2,2,1,3,2,1,2,2,3,2,NA,0,1,3,3,3,1,2,2,NA,3,2,2,2,4,2,2,1,NA,1,2,2,1,1,2,2,0,0,1,1,2,1,2,2,NA,1,NA,1,NA,2,2,1,2,3,3,2,2,2,2,2,2,NA,2,1,3,2,2,2,1,2,NA,NA,1,2,NA,2,2,1,NA,1,NA,2,0,2,3,3,2,3,2,3,2,1,0,1,1,2,3,NA,1,2,1,2,2,2,1,2,2,4,2,2,2,2,2,2,3,3,2,1,0,1,1,1,1,3,2,2,1,NA,1
A_0053,A,32.08,1|2|1|1,1|2|2|2,2|2|2|1,1|2|2|2,2|1|2|2,3,2,3,2,3,3,2,1,2,2,2,3,2,3,NA,2,2,1,3,2,2,NA,1,2,2,3,1,3,2,3,1,2,2,1,2,NA,1,1,3,1,3,1,1,1,NA,2,2,NA,2,3,3,2,1,2,1,2,1,2,NA,3,NA,1,3,1,2,3,3,2,1,NA,2,NA,1,1,2,2,2,NA,1,2,3,3,3,NA,3,2,2,NA,2,2,NA,3,4,2,4,3,4,3,2,NA,2,3,3,3,3,2,3,2,2,NA,3,4,3,3,4,4,NA,3,3,2,0,3,3,3,2,4,2,3,3,4,4,4,2,3,3,3,4,4,NA,NA,3,3,NA,2,4,3,3,3,4,3,3,2,3,NA,4,3,2,3,3,2,2,3,NA,4,3,3,NA,2,3,4,2,NA,4,3,NA,3,3,3,2,3,4,2,3,3,2,3,3,3,4,4,3,3,3,2,3,2,2,3,3,4
A_0085,A,32.12,1|1|1|1,1|2|1|1,2|1|2|2,1|2|2|1,1|2|2|1,1,0,1,0,1,0,1,1,0,1,NA,0,1,0,0,NA,0,0,0,1,1,2,2,2,2,1,1,2,1,2,2,1,1,1,1,2,1,1,2,1,1,1,0,1,0,2,1,1,1,1,2,2,NA,2,1,2,1,2,2,1,0,NA,1,2,0,0,1,2,1,NA,2,1,0,NA,1,1,1,0,1,NA,2,2,1,2,1,1,3,1,NA,3,1,3,1,2,3,3,3,2,2,2,2,NA,1,NA,0,2,2,0,1,NA,NA,NA,2,1,3,3,1,2,2,1,1,3,1,2,2,1,NA,2,2,2,0,2,2,0,NA,1,2,2,1,1,2,NA,3,2,3,3,2,3,3,2,2,2,3,NA,4,4,3,0,3,2,3,3,2,2,2,2,2,2,3,2,2,2,3,2,2,3,1,4,2,3,3,NA,2,2,2,3,1,2,2,2,1,3,2,2,3,3,2,2,2,1
A_0060,A,32.58,1|1|1|1,2|2|1|2,2|1|1|1,1|1|1|2,2|1|2|1,2,1,2,NA,2,1,NA,2,1,2,1,1,2,NA,1,2,NA,2,1,2,1,0,0,1,1,1,0,1,0,NA,1,0,0,NA,0,1,NA,0,1,0,1,0,1,0,1,0,0,0,1,1,0,0,NA,0,0,0,0,NA,0,1,1,1,NA,1,0,1,2,1,NA,2,1,0,1,1,1,1,2,0,1,NA,2,2,0,3,1,2,2,2,3,3,3,NA,2,2,3,1,3,NA,3,2,2,2,1,1,2,1,3,3,3,2,NA,NA,2,3,2,1,2,NA,2,3,NA,3,2,3,3,2,2,2,4,2,2,4,NA,2,4,2,3,4,3,3,NA,2,1,NA,2,0,1,1,1,1,1,0,1,2,1,0,0,1,NA,0,2,4,0,2,1,1,2,1,2,3,1,1,1,2,2,1,1,2,1,1,1,1,NA,2,0,1,2,2,3,1,2,NA,1,0,1,1,1,1,1,3
A_0075,A,32.75,2|2|2|1,2|2|2|1,1|2|1|1,1|2|2|1,2|2|2|1,2,4,2,2,2,3,4,4,4,2,2,2,4,NA,4,NA,2,4,3,4,NA,2,2,2,2,3,3,2,NA,2,2,3,2,3,2,1,2,2,2,NA,2,3,1,NA,1,4,3,NA,3,3,4,3,2,4,2,3,2,3,4,3,2,2,NA,4,NA,2,4,3,2,4,3,3,NA,NA,4,3,3,2,3,3,2,1,2,NA,1,2,2,NA,NA,2,2,1,1,2,1,2,1,2,1,2,3,3,3,2,1,NA,2,1,1,2,3,NA,3,0,3,4,NA,3,3,2,4,4,3,3,4,3,3,2,4,3,2,3,4,3,3,3,3,3,NA,2,2,1,2,0,1,3,2,3,4,1,2,2,1,NA,2,2,1,NA,1,2,1,3,2,2,2,2,3,3,NA,3,3,2,3,3,3,1,2,2,2,3,4,3,NA,3,2,4,3,NA,NA,2,2,3,2,4,4,NA,3,2,NA,2
A_0059,A,33.21,2|2|1|1,1|1|1|1,2|2|1|1,1|2|1|1,2|1|1|2,1,1,1,0,NA,1,1,NA,1,0,1,1,1,2,2,2,1,1,1,1,3,2,1,3,2,3,2,3,2,2,NA,3,1,2,1,2,0,1,3,NA,2,1,1,1,1,2,3,2,1,NA,2,1,2,2,1,1,0,1,2,2,3,NA,2,1,3,2,3,1,2,2,1,2,3,1,3,2,1,2,1,2,1,1,2,1,0,0,0,1,1,NA,2,3,1,1,1,0,1,1,1,1,0,NA,1,0,0,1,1,0,NA,NA,1,NA,0,1,1,1,0,1,1,0,1,1,1,1,1,2,0,1,1,1,2,NA,NA,2,NA,1,1,1,1,2,NA,2,2,1,2,NA,2,2,2,2,1,1,2,2,2,1,1,2,1,1,2,2,2,3,2,2,2,2,2,3,2,2,1,2,2,2,3,1,1,1,NA,2,2,2,2,2,2,NA,1,1,2,2,1,1,2,1,1,2,2,2
A_0068,A,33.65,2|1|2|2,2|2|2|1,2|1|1|2,1|1|1|2,1|2|1|1,2,3,2,3,3,2,3,3,3,3,3,3,3,2,3,3,2,4,2,NA,3,2,3,3,3,2,3,2,2,2,3,2,2,NA,2,3,3,3,2,2,2,2,3,2,2,2,1,1,NA,NA,1,2,1,2,2,NA,2,2,NA,2,2,3,1,3,2,1,1,2,3,NA,2,3,2,3,2,2,NA,1,3,2,NA,3,2,2,2,3,NA,1,4,4,2,2,2,NA,NA,3,2,2,3,3,2,1,NA,1,2,2,1,2,2,1,1,2,3,2,1,2,3,2,1,3,2,2,2,2,3,2,2,2,2,2,1,1,3,NA,1,2,1,1,1,1,1,2,1,3,2,1,2,1,1,3,2,1,1,2,1,1,1,3,2,1,2,1,1,1,1,1,1,2,2,1,2,0,1,1,1,NA,1,2,2,1,1,1,0,0,1,1,2,2,1,0,1,0,2,1,1,1,NA,0,0,1
A_0069,A,33.7,1|1|2|1,1|1|2|1,2|1|2|1,2|2|1|1,2|1|2|2,1,2,0,NA,0,2,NA,1,NA,1,1,2,1,1,1,1,0,1,1,1,2,NA,2,NA,2,2,1,2,NA,3,2,0,0,1,2,NA,2,1,2,2,1,2,1,2,1,2,NA,NA,1,1,2,2,2,2,3,2,NA,2,2,0,NA,1,3,2,1,2,2,1,1,3,NA,NA,3,NA,1,2,3,2,2,2,3,2,1,2,NA,NA,1,1,1,NA,NA,1,3,2,2,2,2,1,1,3,1,2,2,1,2,NA,NA,1,1,1,1,2,0,1,1,2,1,3,1,1,3,3,3,1,1,3,2,NA,2,3,3,2,2,3,2,2,NA,2,3,2,2,2,2,2,3,1,1,2,2,1,0,NA,4,1,3,0,3,NA,2,2,3,2,2,3,2,2,2,1,3,3,1,3,2,2,2,NA,2,2,2,2,2,NA,4,4,3,NA,2,2,2,NA,3,4,NA,2,2,3,2,4,4,2
A_0071,A,33.81,2|2|2|2,2|2|2|2,2|2|1|1,2|1|2|2,1|1|2|2,NA,4,3,4,4,NA,4,4,4,NA,4,4,4,4,4,4,4,4,4,4,4,2,NA,3,3,3,3,NA,3,3,3,NA,3,3,3,3,3,3,3,3,3,4,4,4,4,3,3,3,4,3,3,3,3,NA,3,3,4,3,3,4,NA,2,4,3,3,4,3,3,3,3,3,3,3,3,2,3,NA,3,2,3,2,3,4,3,2,2,2,3,3,3,4,2,3,3,NA,2,3,3,3,3,4,NA,4,4,4,3,3,4,4,4,3,3,4,3,3,4,4,3,3,4,3,3,4,2,2,3,3,3,3,4,3,3,2,3,3,NA,NA,3,3,3,2,4,4,3,2,2,2,3,3,3,3,3,2,NA,2,1,1,2,1,2,2,2,2,4,3,3,2,1,3,3,1,3,2,2,2,3,2,1,0,2,1,1,2,2,2,1,4,1,3,4,3,3,3,2,1,2,2,NA,3,3
A_0067,A,34.55,2|2|2|1,2|2|2|1,1|1|2|1,2|2|1|2,2|1|1|1,3,4,2,2,2,3,4,4,NA,2,2,NA,4,3,4,4,2,4,2,4,2,NA,3,2,2,2,2,3,2,3,2,2,1,2,2,1,2,1,3,2,NA,3,3,3,3,3,NA,NA,3,NA,3,2,NA,3,3,2,2,NA,3,3,2,2,2,2,2,NA,3,1,1,3,1,2,3,1,3,2,2,2,2,2,3,1,NA,NA,2,3,3,2,NA,2,1,2,2,2,NA,3,2,1,1,3,3,3,3,2,3,4,3,3,3,NA,2,3,0,3,2,NA,3,4,NA,4,3,3,2,2,NA,3,1,1,3,2,2,2,3,3,2,2,2,2,2,2,3,2,1,2,3,1,2,1,1,1,1,1,3,NA,2,2,3,1,3,2,1,1,1,0,0,0,1,1,0,1,NA,1,1,1,1,0,NA,1,2,1,2,3,3,3,2,2,3,3,2,1,3,2,1,1,2,2,2,2,2,NA
A_0061,A,35.19,2|2|2|2,1|1|2|2,1|2|1|1,2|1|1|1,2|1|1|2,3,NA,3,4,3,4,4,NA,3,3,4,4,2,4,3,2,3,2,4,2,3,2,2,2,2,3,3,2,3,2,2,3,3,3,3,2,2,3,2,3,2,NA,3,NA,3,2,3,2,2,NA,2,2,3,2,3,2,3,2,2,NA,NA,3,3,2,3,3,3,2,3,NA,NA,3,NA,NA,3,3,3,NA,NA,3,1,2,2,1,2,0,0,NA,0,0,2,1,2,1,1,1,1,NA,1,1,1,2,1,3,3,2,3,2,NA,2,1,1,1,1,1,1,1,2,1,1,2,2,2,2,1,NA,1,2,1,2,4,2,NA,3,NA,3,NA,2,3,3,1,2,2,1,NA,1,1,0,1,0,1,2,1,2,NA,0,1,0,0,2,1,2,2,2,2,2,NA,2,1,2,2,2,1,2,2,2,3,0,1,1,1,2,NA,2,2,1,1,1,1,2,3,2,1,2,1,NA,2,2,NA,NA
A_0073,A,35.58,1|1|1|2,2|2|1|1,2|1|1|2,1|2|2|1,1|1|1|1,2,1,2,1,2,0,1,2,1,2,1,1,NA,NA,1,NA,2,2,NA,2,1,1,1,2,2,NA,1,NA,1,1,1,1,2,1,1,3,2,2,1,1,2,1,1,1,1,2,1,0,1,1,2,3,2,2,2,3,2,3,2,1,1,1,0,0,0,1,0,NA,1,0,1,0,1,1,0,0,NA,NA,1,NA,2,2,2,2,1,3,3,1,4,4,2,NA,1,3,NA,2,2,1,3,2,3,3,2,2,0,3,1,1,1,2,3,1,3,2,NA,2,2,2,3,2,1,1,1,1,NA,1,0,1,NA,1,NA,1,1,1,1,0,0,1,0,1,1,1,2,NA,2,3,2,3,3,3,2,NA,2,1,3,3,2,4,2,2,2,1,0,1,1,1,1,1,2,NA,1,0,0,1,1,NA,1,1,1,0,NA,NA,1,1,1,2,NA,1,NA,1,0,1,1,1,2,1,1,1,1,1
A_0057,A,35.87,2|1|2|2,2|1|1|2,2|2|2|1,1|2|1|2,1|2|2|2,NA,2,2,3,2,2,NA,3,2,1,3,2,2,2,2,2,3,3,2,NA,4,2,3,2,2,3,3,3,4,3,3,2,2,3,4,2,3,3,3,3,3,2,3,2,2,3,2,2,NA,3,2,3,3,3,3,3,2,NA,3,2,3,3,NA,4,3,3,NA,2,NA,0,3,NA,3,4,2,3,3,3,3,2,3,2,4,4,NA,2,2,4,NA,2,4,2,NA,2,3,NA,0,2,3,3,1,2,2,1,2,2,2,3,3,1,3,3,2,3,2,1,2,1,3,2,NA,2,3,3,2,1,3,3,2,2,2,2,2,2,3,NA,2,2,2,3,3,3,3,2,4,2,3,2,3,2,2,1,3,3,3,2,2,2,3,2,2,NA,4,4,3,3,2,2,3,NA,3,4,3,2,2,3,NA,4,2,4,2,2,2,2,3,2,3,3,NA,2,2,3,3,2,2,3,NA,NA,3,2
A_0070,A,36.27,1|2|1|2,2|2|1|2,1|1|1|2,2|2|2|2,2|1|2|1,3,2,4,2,3,2,1,3,2,NA,2,2,3,2,2,2,4,2,3,3,0,2,NA,2,2,1,1,1,1,1,2,2,3,NA,1,3,2,2,1,NA,4,2,3,2,4,2,3,4,2,3,NA,NA,4,2,3,3,3,3,2,3,2,2,2,1,NA,3,3,3,1,2,3,NA,1,2,2,1,3,3,2,1,1,3,NA,2,2,3,NA,2,3,3,2,3,1,2,2,2,2,NA,3,1,NA,4,3,4,3,4,3,4,4,4,4,3,4,4,4,3,3,3,4,4,3,NA,2,3,3,2,NA,2,4,2,2,4,2,2,4,2,3,4,3,3,2,2,2,NA,2,3,3,2,2,3,3,3,2,3,2,3,3,3,3,3,3,3,0,1,2,2,3,2,2,2,2,1,1,3,3,2,NA,NA,2,1,3,3,4,4,2,3,3,3,4,3,NA,3,2,2,3,3,3,3,NA,3
A_0083,A,36.57,1|1|2|2,1|2|1|2,2|2|2|1,2|1|1|1,1|1|2|2,4,1,3,3,3,2,2,2,1,4,2,3,2,1,0,0,NA,2,1,2,NA,NA,2,1,2,3,2,2,3,3,NA,1,2,2,4,2,3,3,2,3,1,2,2,2,2,0,NA,2,1,0,1,2,1,1,3,2,3,2,1,0,2,2,3,2,1,2,1,2,2,2,2,2,NA,2,0,2,3,2,3,2,NA,2,3,3,3,NA,2,3,2,2,3,3,3,1,4,3,4,3,2,2,2,2,1,2,2,2,NA,2,1,3,NA,1,1,1,2,1,0,2,1,2,1,2,1,2,1,2,2,3,2,2,2,3,1,2,NA,1,2,3,2,2,2,3,2,2,2,NA,1,NA,2,2,1,2,3,2,2,1,NA,2,1,2,NA,2,3,4,3,3,2,1,NA,3,1,4,3,2,2,3,2,2,2,NA,0,1,2,2,2,0,0,0,1,NA,2,2,1,2,0,1,2,3,3,1
A_0084,A,37.21,1|2|1|1,1|2|1|2,2|1|2|1,2|1|1|2,1|1|1|2,2,1,3,1,2,2,1,2,1,2,1,NA,2,2,NA,1,2,1,2,2,1,2,1,2,NA,2,0,3,1,3,2,1,1,0,1,2,0,0,3,1,2,1,2,1,3,1,2,1,1,2,1,0,1,0,1,NA,2,0,0,2,1,1,2,0,2,2,1,NA,1,0,1,1,NA,0,1,2,0,2,1,2,2,2,2,3,2,2,2,2,2,2,2,3,2,1,4,3,4,3,2,2,NA,2,1,2,NA,2,1,3,2,3,2,2,2,2,2,1,NA,2,1,3,0,1,1,2,1,2,1,3,1,1,2,2,1,2,1,1,1,2,1,2,2,3,2,3,NA,0,1,1,1,3,1,1,3,3,2,NA,2,2,2,1,2,1,NA,2,1,1,0,0,2,1,0,2,1,NA,NA,2,NA,1,2,1,0,1,1,1,2,0,1,1,1,2,2,1,2,2,0,1,1,2,2,2
A_0065,A,37.86,2|1|1|2,2|1|1|2,2|2|2|1,2|2|1|2,2|2|2|2,1,1,2,2,2,1,1,2,1,2,3,NA,1,2,2,2,3,2,NA,1,3,2,2,NA,1,NA,2,3,4,2,1,2,2,2,3,2,2,2,3,3,3,2,4,2,3,2,3,2,2,3,1,2,4,2,NA,2,2,2,2,NA,4,NA,2,3,3,3,3,3,4,3,3,3,NA,4,3,2,3,3,3,2,3,2,NA,4,2,NA,2,4,2,2,4,2,3,2,3,1,3,2,3,3,2,3,2,2,3,3,3,4,NA,2,2,3,2,4,2,1,2,2,NA,NA,3,2,3,3,3,2,3,3,3,2,3,3,3,3,4,3,3,3,3,4,NA,4,3,3,4,2,3,2,3,2,2,2,4,4,3,2,3,2,3,3,3,3,4,4,3,3,3,3,NA,4,2,4,4,3,3,3,3,NA,3,NA,3,4,4,4,4,3,4,4,NA,3,4,4,3,3,3,4,3,4,4,3
A_0096,A,38.34,1|2|2|2,1|1|2|1,2|2|1|1,1|1|1|2,2|2|2|2,NA,3,2,3,1,NA,2,2,3,1,2,3,2,2,2,3,2,2,NA,2,4,2,1,2,3,NA,2,2,2,3,3,2,3,2,4,3,3,3,2,NA,3,2,2,1,3,2,1,3,2,2,2,2,2,1,2,2,2,2,1,2,3,3,4,3,3,4,3,4,3,3,4,3,3,3,3,4,4,4,4,3,2,NA,2,1,2,0,1,NA,1,1,2,0,2,2,1,2,NA,NA,1,2,0,0,1,0,2,NA,1,1,1,0,0,2,1,1,0,0,2,1,NA,1,3,3,3,2,2,NA,3,2,NA,3,3,3,3,3,3,3,3,2,3,2,2,3,1,NA,2,1,2,NA,2,3,2,NA,1,1,1,0,0,1,1,1,3,3,3,4,3,3,3,3,3,4,NA,3,3,3,3,3,3,3,2,3,NA,2,2,2,2,2,3,3,3,3,2,NA,NA,2,NA,3,NA,3,3,3
A_0081,A,39.26,2|1|1|1,2|1|2|1,1|2|1|2,1|2|1|2,1|2|2|1,0,2,0,1,1,1,2,1,2,0,2,1,1,2,3,3,1,2,2,1,2,NA,NA,2,1,1,3,1,2,0,1,3,2,3,1,1,2,2,1,2,2,1,2,1,1,2,2,NA,2,3,1,NA,1,2,1,1,0,1,2,2,1,2,1,3,1,0,2,2,2,2,2,2,1,NA,2,1,1,0,1,1,2,2,3,NA,NA,2,2,2,2,2,2,1,NA,3,0,1,0,NA,2,2,NA,2,2,1,2,2,2,2,2,0,NA,3,2,3,1,2,3,2,2,2,3,3,3,1,2,1,3,1,2,2,NA,NA,2,2,2,2,3,1,2,2,3,2,1,2,2,3,4,2,NA,2,3,NA,1,2,1,2,2,2,3,3,2,2,2,2,3,3,3,3,2,2,3,2,3,3,3,2,2,3,1,3,2,2,2,2,2,2,3,3,2,2,1,3,2,NA,NA,4,1,2,2,1
A_0078,A,39.31,2|1|2|1,2|2|2|2,2|2|1|2,1|2|1|2,2|1|1|2,3,3,NA,3,3,3,4,3,3,NA,3,3,3,3,3,3,2,4,3,3,4,NA,3,3,3,2,4,2,2,2,3,3,NA,4,NA,2,NA,3,NA,3,2,2,2,2,1,2,NA,1,3,3,2,2,1,3,2,4,1,2,3,2,3,2,2,2,3,2,NA,NA,2,3,0,3,3,1,NA,2,2,2,2,2,NA,4,4,3,3,3,3,3,4,4,NA,NA,3,4,3,NA,NA,3,4,3,2,3,2,2,NA,NA,3,3,NA,2,3,4,3,4,3,3,3,3,3,NA,3,NA,3,NA,3,4,2,3,3,3,4,3,3,4,3,3,2,3,3,NA,3,3,NA,3,3,3,4,3,3,NA,3,2,2,2,2,2,2,3,3,NA,3,3,NA,3,3,3,3,3,3,3,3,2,1,3,3,3,4,1,2,1,2,NA,2,NA,2,2,3,3,2,1,3,1,2,2,2,1,1,2,2,3
A_0089,A,39.69,1|2|1|2,1|1|1|2,2|2|2|1,1|2|1|1,1|1|1|1,2,1,3,2,2,1,0,1,1,1,2,2,1,2,NA,2,NA,0,NA,1,NA,2,1,2,2,3,NA,3,3,3,NA,2,3,2,3,3,2,2,3,NA,3,0,1,0,2,2,2,1,0,2,2,NA,3,NA,2,2,1,2,1,1,1,1,1,0,1,1,1,2,1,NA,2,0,1,NA,NA,1,NA,2,1,1,2,2,3,2,3,1,1,3,NA,1,3,2,2,1,3,2,3,3,2,1,0,4,0,0,1,1,NA,1,2,1,2,2,0,2,2,1,0,1,2,0,0,0,0,1,0,0,1,NA,0,0,1,1,0,1,1,1,NA,1,1,1,3,2,1,1,3,2,2,3,3,1,NA,NA,3,1,3,2,2,1,2,2,1,1,2,2,1,1,1,1,1,2,NA,2,2,1,1,1,NA,1,1,2,NA,1,1,1,1,1,0,NA,0,0,1,1,0,1,1,1,0,1,1,0
A_0074,A,40.34,1|1|2|1,1|1|2|1,2|2|2|1,2|1|2|1,1|1|2|2,1,2,0,2,0,2,2,1,2,NA,1,2,1,1,1,1,0,1,1,1,3,1,2,1,2,3,2,2,NA,3,2,1,1,2,3,1,2,NA,2,3,0,3,NA,3,1,1,1,1,2,NA,2,2,NA,2,2,2,NA,2,2,1,1,1,3,NA,1,2,NA,1,1,2,1,2,1,1,0,2,2,1,1,2,3,2,2,2,2,NA,1,2,3,1,2,NA,3,2,2,3,2,NA,1,NA,2,1,NA,NA,2,1,2,1,1,2,1,NA,1,0,1,2,2,2,1,1,2,2,3,0,0,2,NA,1,1,3,2,1,1,2,1,1,2,1,2,1,NA,3,4,2,2,3,1,3,NA,NA,2,3,3,2,NA,2,2,2,NA,2,3,2,3,4,3,3,2,1,3,3,1,4,3,NA,2,NA,2,2,1,3,1,1,2,2,NA,1,0,NA,2,4,2,2,2,2,1,2,NA,3,NA,2
A_0079,A,40.68,2|2|2|1,1|2|2|1,2|1|1|1,2|2|2|2,1|1|2|1,2,3,2,2,2,3,3,NA,3,2,2,2,3,3,3,3,1,3,3,3,3,2,2,3,3,2,2,3,1,3,NA,2,1,NA,1,2,1,1,3,2,3,4,3,4,NA,4,4,3,4,4,4,3,NA,4,3,3,3,3,4,4,1,1,3,3,2,NA,3,2,NA,3,2,2,1,NA,2,2,2,1,NA,2,2,2,1,NA,1,1,NA,0,2,2,1,1,2,2,2,3,2,1,1,NA,3,3,3,3,3,3,NA,2,2,3,3,3,NA,2,3,4,3,NA,NA,3,2,3,2,1,1,2,2,1,2,3,1,2,2,1,1,1,2,2,2,0,2,3,3,3,3,2,2,3,3,3,2,2,3,2,3,2,2,3,2,2,2,2,0,2,3,1,1,0,2,2,NA,1,1,1,1,2,0,1,0,1,2,NA,3,3,2,2,2,2,3,3,2,3,2,2,2,3,3,3,3,2
A_0088,A,40.99,1|2|1|1,1|1|1|1,2|1|1|2,2|1|1|1,2|2|2|2,0,1,1,0,0,0,0,1,1,0,0,0,1,1,1,1,1,0,1,1,1,NA,NA,3,3,1,1,2,0,2,3,2,2,1,0,NA,1,1,2,1,1,1,1,1,2,1,2,0,0,1,1,0,1,0,1,0,1,0,0,1,2,NA,3,2,3,2,3,NA,2,2,3,2,NA,2,3,3,2,2,2,3,NA,NA,1,NA,0,1,1,0,2,2,1,1,1,2,1,1,1,1,2,2,1,1,1,1,1,1,0,1,0,1,0,0,0,0,0,0,0,1,0,1,NA,2,2,2,2,2,2,2,2,2,2,2,2,NA,2,2,2,2,2,2,0,NA,3,2,1,1,1,1,1,3,1,2,2,2,2,1,2,3,1,NA,4,NA,2,3,3,3,3,3,NA,3,3,NA,2,3,3,4,3,3,3,2,2,3,3,3,3,2,3,2,NA,2,3,3,2,3,2,1,3,3,3,2
A_0093,A,41.16,2|1|2|1,2|2|1|1,2|1|1|1,1|2|2|2,2|2|2|1,2,NA,1,1,2,3,3,3,2,3,1,1,3,1,2,1,1,3,1,3,3,1,2,2,2,1,2,2,1,2,2,1,0,1,2,1,1,1,2,3,2,2,2,NA,1,3,3,3,4,3,3,3,2,4,NA,3,2,3,NA,3,2,2,2,4,2,2,3,2,2,4,2,3,NA,3,NA,2,3,NA,2,3,2,1,2,2,0,1,1,1,3,3,3,1,2,NA,2,2,2,2,2,2,3,3,2,NA,1,3,2,2,3,2,3,2,4,3,3,3,3,2,3,3,NA,NA,2,3,4,2,2,2,4,3,1,3,3,1,3,2,2,3,2,3,3,2,2,1,3,2,2,3,3,2,NA,1,NA,1,2,NA,NA,2,2,NA,2,3,3,2,NA,1,2,1,2,3,2,1,2,2,NA,2,1,2,1,2,4,3,3,3,2,4,3,4,4,3,2,4,3,2,4,4,3,2,NA,3
A_0099,A,42.09,2|2|2|2,2|2|1|2,1|1|2|1,1|2|1|2,1|2|2|2,4,3,4,3,4,4,3,4,3,NA,3,NA,4,3,3,3,3,3,3,4,2,2,2,2,2,2,2,2,2,2,2,2,2,NA,2,2,3,2,NA,2,NA,2,3,2,3,4,3,3,3,4,3,2,3,3,3,3,2,3,3,3,3,4,4,4,3,3,4,4,4,3,4,4,3,4,3,4,3,3,NA,4,NA,NA,2,2,1,2,1,2,2,2,2,2,1,1,2,NA,2,1,2,1,2,3,1,2,2,2,2,2,4,2,3,3,3,4,2,3,NA,2,2,3,2,2,3,3,3,3,3,4,3,2,3,4,2,2,2,2,3,3,2,4,NA,1,NA,1,1,NA,2,1,1,1,1,0,1,0,1,1,1,NA,2,1,2,1,2,2,2,2,1,1,2,1,1,2,2,1,NA,2,2,2,1,2,2,2,2,2,3,2,2,3,2,3,2,3,3,NA,2,4,1,3,3,NA
A_0092,A,42.13,1|1|2|1,1|2|2|1,2|1|1|1,1|2|2|2,1|2|2|1,2,2,NA,2,1,1,3,2,2,2,NA,2,2,1,1,1,0,2,1,2,NA,0,1,1,NA,1,1,1,0,2,2,0,0,0,NA,1,1,1,NA,2,2,2,1,2,1,2,NA,NA,3,2,3,3,2,3,NA,3,2,3,NA,2,0,1,2,3,NA,1,1,2,3,2,2,2,0,2,1,2,2,0,2,2,2,4,1,1,1,0,2,0,2,2,2,1,1,2,2,3,2,2,1,2,2,2,2,2,2,2,3,1,2,2,3,3,3,2,3,3,3,3,2,NA,1,4,2,2,2,2,3,2,2,3,2,3,3,1,3,2,3,2,2,2,3,2,2,1,3,2,2,3,3,2,2,1,3,1,2,2,1,NA,2,1,2,2,1,2,NA,NA,1,0,2,2,NA,1,2,1,1,2,1,NA,0,NA,3,2,2,2,2,3,0,3,3,3,1,4,3,2,NA,4,2,2,2,2
A_0082,A,42.18,2|2|2|2,1|2|1|2,1|2|1|1,1|1|1|2,2|1|1|2,4,2,NA,3,4,3,3,3,2,4,3,3,3,3,NA,NA,3,3,3,NA,3,2,2,2,2,3,3,2,3,2,2,3,3,3,3,2,3,3,2,3,NA,2,3,NA,3,2,2,2,3,3,2,2,2,2,NA,2,2,NA,2,3,4,3,3,2,4,4,3,2,3,3,NA,3,4,2,3,3,3,4,3,3,0,1,2,1,2,NA,1,2,1,1,2,2,1,0,2,NA,NA,1,1,0,1,1,0,1,NA,1,1,2,NA,2,2,NA,2,2,2,1,1,1,1,2,1,1,2,3,2,3,1,3,2,2,3,3,2,3,NA,2,1,3,2,2,2,2,0,NA,1,1,2,1,1,1,2,1,0,1,0,0,NA,0,1,1,1,1,2,2,2,2,2,2,1,2,2,2,1,2,2,NA,2,NA,2,NA,1,1,1,1,1,1,2,2,2,2,2,0,2,1,1,1,1,1,NA,3
A_0076,A,44.28,1|2|1|1,2|1|2|2,2|1|1|1,2|1|2|2,2|2|1|1,NA,3,2,2,1,3,1,2,3,1,2,2,2,3,3,3,3,1,3,NA,1,1,0,2,2,1,0,2,0,2,2,1,1,0,0,2,0,NA,2,0,2,2,2,2,3,2,2,2,2,2,2,1,2,1,1,1,2,NA,1,3,1,1,NA,1,2,1,2,2,1,1,2,1,1,1,NA,2,1,2,2,2,3,3,3,3,2,NA,NA,2,NA,2,3,1,3,3,2,2,2,2,3,3,3,2,4,3,4,2,3,NA,4,3,2,3,3,3,2,2,4,2,3,3,3,2,2,3,3,2,NA,2,NA,NA,3,2,4,3,3,4,3,2,3,3,1,3,3,3,2,1,1,2,2,3,2,2,2,2,2,1,1,2,1,1,1,1,1,1,0,0,NA,2,1,2,2,0,1,1,1,NA,NA,1,2,1,3,3,2,2,2,3,3,3,3,2,2,2,NA,2,3,2,NA,NA,1,3
A_0080,A,44.54,1|1|1|1,2|2|1|1,1|2|2|2,1|2|1|2,2|2|1|2,1,1,1,0,1,1,1,2,1,1,0,0,2,0,NA,1,1,2,0,2,1,2,2,1,1,2,2,1,2,1,1,2,2,2,2,1,2,2,1,2,2,0,1,NA,1,1,1,1,NA,2,1,1,1,1,NA,1,0,1,1,1,NA,2,1,1,2,2,1,1,2,1,1,NA,2,1,NA,2,1,2,2,2,2,1,2,2,2,4,NA,NA,3,3,2,3,1,2,2,2,2,2,2,2,2,3,1,2,1,3,NA,2,2,1,2,2,3,3,2,2,2,2,2,3,2,2,2,3,4,3,1,3,NA,2,NA,2,3,3,2,2,1,2,1,3,4,2,1,2,3,3,4,2,NA,0,3,2,2,NA,2,3,NA,1,4,NA,2,2,4,2,3,3,3,4,2,2,4,3,3,3,3,2,4,NA,NA,3,3,3,2,2,NA,3,4,4,2,2,3,NA,NA,3,3,NA,1,2,2,3
A_0090,A,44.71,1|1|2|2,2|2|1|2,1|1|1|1,1|2|2|2,2|1|1|1,4,2,3,NA,3,3,2,3,2,3,NA,3,3,1,1,2,3,2,1,3,1,0,1,0,1,1,1,0,1,1,1,0,1,1,2,1,2,2,0,1,3,2,2,2,2,2,NA,4,NA,2,3,4,3,3,3,4,3,4,3,2,NA,1,1,1,1,NA,1,1,1,2,1,1,NA,1,1,1,3,2,2,1,1,1,2,2,NA,2,1,2,2,2,2,2,1,1,2,1,2,1,2,1,NA,3,2,NA,2,3,NA,NA,NA,3,4,3,4,4,NA,4,3,2,NA,3,2,1,1,3,3,2,1,2,3,2,1,NA,2,2,2,2,1,3,NA,2,2,1,1,NA,2,2,2,2,2,1,2,1,2,1,1,2,1,1,2,1,0,1,0,0,0,0,1,1,0,1,1,0,0,1,NA,NA,0,0,NA,1,3,2,2,2,1,3,2,3,NA,2,2,1,2,2,3,2,2,1,1,3
A_0087,A,44.79,1|1|1|2,2|2|2|1,2|1|1|2,1|1|2|1,2|2|2|1,2,2,2,2,2,1,2,2,NA,1,2,2,2,1,2,3,2,2,1,2,1,1,1,2,2,0,NA,1,1,1,2,1,2,2,1,3,2,2,1,1,1,1,1,1,1,1,0,2,1,0,1,2,2,1,1,2,2,NA,1,1,NA,2,1,2,NA,2,2,3,NA,2,3,1,2,3,2,1,3,2,2,1,3,3,2,NA,1,3,NA,1,4,4,2,2,2,4,2,3,2,2,3,4,3,2,3,3,1,2,2,1,1,2,NA,1,3,1,2,3,3,2,2,2,4,4,3,3,4,3,NA,NA,4,4,2,3,4,2,NA,3,NA,NA,3,2,NA,1,3,1,1,2,NA,2,3,2,2,2,1,1,1,2,1,3,1,1,3,4,NA,2,2,2,3,3,3,3,3,1,NA,3,3,3,2,3,NA,2,3,2,NA,2,1,3,2,2,3,2,1,NA,2,1,3,2,3,1,1,2
A_0086,A,44.93,2|2|1|2,1|2|1|1,2|1|1|1,1|1|1|1,1|2|1|2,2,1,3,NA,3,1,2,2,1,2,2,1,2,2,2,2,2,1,2,2,2,2,NA,3,2,1,1,3,2,2,2,2,2,2,1,3,NA,1,NA,3,2,1,2,1,2,2,NA,1,1,NA,1,1,2,1,NA,1,1,1,1,2,NA,4,2,2,3,2,2,3,4,1,NA,3,3,3,3,3,1,3,3,3,1,1,1,1,0,1,1,0,2,2,1,NA,0,1,2,2,2,1,1,1,1,NA,0,1,0,1,0,0,0,1,1,0,1,0,NA,1,0,0,0,1,0,2,2,2,NA,2,1,3,1,1,1,1,2,1,0,1,1,1,0,2,0,1,1,1,1,0,0,1,1,1,0,0,NA,NA,1,0,0,NA,0,0,NA,1,2,2,1,1,0,1,NA,1,1,1,1,0,0,2,NA,1,1,1,1,1,0,0,NA,1,1,1,0,1,1,1,2,2,1,NA,0,1,1,1
A_0091,A,45.81,1|1|1|1,2|2|2|2,1|1|2|2,1|2|2|1,1|1|1|2,2,2,2,2,2,NA,2,2,2,NA,2,2,2,2,2,2,2,2,2,2,0,2,2,1,NA,1,1,1,NA,1,1,1,1,1,0,1,1,1,1,1,1,3,0,1,0,1,2,1,1,1,2,2,2,2,1,2,1,2,2,1,1,1,1,0,1,1,0,0,1,NA,0,1,1,0,0,1,0,1,1,1,3,3,2,3,3,NA,4,3,3,NA,2,4,3,3,3,3,3,3,3,3,3,3,3,3,2,3,4,2,3,3,4,3,3,3,4,4,3,3,4,2,2,2,3,2,2,NA,2,3,2,NA,3,2,2,3,2,NA,2,2,2,3,2,0,2,2,2,3,2,2,2,0,2,NA,2,2,2,4,3,2,3,2,1,1,2,NA,2,2,1,2,2,0,1,2,1,1,1,2,2,1,NA,1,2,1,1,1,2,NA,NA,1,1,2,2,NA,2,2,2,NA,1,NA,1,2
A_0095,A,46.56,2|1|1|1,1|1|2|2,1|2|1|1,2|2|2|1,2|1|1|1,NA,1,1,2,2,2,NA,0,1,NA,NA,2,0,3,NA,1,NA,2,3,0,2,1,1,NA,0,1,NA,1,NA,0,0,2,1,2,1,0,1,1,1,1,1,2,2,3,1,2,3,1,2,2,NA,2,2,3,2,2,2,2,3,2,2,NA,0,1,2,1,2,0,1,2,0,1,2,1,2,0,1,1,0,1,1,2,2,NA,3,1,1,2,NA,0,1,1,3,1,1,1,1,2,NA,1,2,2,3,2,3,2,4,2,2,3,3,3,1,2,3,3,2,3,3,1,NA,1,1,2,1,2,2,1,1,2,2,2,2,NA,NA,3,2,2,3,0,1,2,2,1,NA,3,2,2,NA,NA,2,3,NA,1,NA,2,2,2,1,NA,0,1,1,1,1,1,2,2,0,2,2,1,1,2,2,0,1,1,1,NA,3,3,3,3,2,3,2,2,2,1,NA,2,1,2,3,1,3,1,1,2
A_0113,A,47.58,1|2|2|2,1|2|1|1,1|2|2|1,1|2|1|1,1|2|2|2,2,2,2,2,NA,4,2,1,2,2,1,2,3,1,1,2,1,1,1,2,3,1,NA,1,NA,4,NA,2,2,3,3,3,3,2,3,NA,3,3,2,2,3,2,1,1,2,2,2,NA,3,2,3,NA,3,2,NA,3,2,3,2,1,3,3,4,3,2,3,3,NA,3,3,4,3,2,3,2,4,2,4,3,3,1,1,1,NA,2,1,2,1,2,1,1,1,1,0,2,2,2,1,0,0,NA,1,0,1,0,1,NA,0,1,1,2,1,1,NA,1,2,0,2,0,1,1,2,2,2,2,2,2,3,2,2,2,1,2,1,2,1,2,NA,NA,3,2,2,0,1,1,2,0,1,2,NA,1,0,2,1,1,2,NA,0,2,2,2,1,NA,3,3,2,2,2,1,2,2,4,4,2,2,2,3,3,2,4,2,2,2,2,3,2,1,2,NA,2,1,3,2,3,2,3,1,2,NA,1
A_0097,A,48.69,1|2|1|1,2|2|1|1,2|2|2|2,2|1|1|1,2|2|1|1,1,2,2,0,1,1,1,3,2,1,0,0,3,1,2,2,2,NA,1,3,3,3,2,3,3,NA,NA,3,2,3,NA,3,3,2,2,3,2,2,NA,2,1,2,1,1,1,NA,NA,0,0,1,1,0,1,0,1,0,1,0,0,0,1,1,1,1,NA,1,NA,2,1,1,2,1,1,1,3,2,1,2,1,0,3,2,3,3,2,3,3,3,NA,4,4,3,2,3,3,3,3,2,3,3,3,3,2,3,NA,3,0,2,1,2,1,0,2,1,2,1,1,2,2,3,2,2,2,2,4,2,NA,2,3,2,1,2,3,1,2,2,1,2,1,3,2,3,3,3,2,2,2,2,2,3,2,3,3,3,NA,2,3,3,2,3,2,3,3,3,2,2,3,3,2,4,4,3,3,3,3,3,3,3,3,3,2,3,2,3,NA,2,2,2,1,3,2,1,1,2,2,1,3,1,1,1
A_0101,A,49.54,1|2|1|2,1|1|1|2,2|2|2|2,1|2|1|1,2|1|1|2,2,1,2,2,2,NA,0,0,1,1,NA,2,1,2,1,2,1,NA,2,1,3,3,3,2,3,NA,2,3,3,3,4,3,4,NA,3,4,3,3,3,2,3,NA,1,0,2,2,2,0,2,NA,2,1,3,1,2,2,3,2,1,1,3,2,NA,0,3,3,1,2,2,1,2,1,3,1,2,2,1,3,2,1,2,3,3,3,3,3,2,3,2,2,2,3,3,2,3,2,3,3,3,2,0,0,0,0,1,NA,2,NA,2,1,2,2,0,2,1,2,0,1,1,NA,1,1,1,3,1,3,1,2,1,1,2,1,1,2,1,2,1,2,2,1,3,2,2,NA,2,3,3,3,3,2,2,2,3,2,2,3,3,2,3,3,3,3,3,3,3,3,3,4,3,3,3,3,2,3,3,2,3,2,4,2,2,2,2,NA,NA,2,1,2,1,1,3,1,1,2,2,1,1,NA,NA,2
A_0102,A,49.61,2|1|1|1,2|1|1|2,2|2|2|2,2|2|2|2,2|1|2|1,2,1,2,1,2,3,1,2,1,2,NA,1,1,2,2,1,2,2,2,1,2,NA,2,3,2,2,3,3,NA,2,2,3,2,3,2,2,2,2,3,3,2,2,3,3,2,3,3,3,2,3,2,2,2,3,2,2,2,2,3,3,2,1,1,2,2,1,2,1,1,3,1,1,2,2,2,0,3,0,1,2,3,3,4,4,4,4,2,4,3,3,3,3,NA,3,NA,2,3,3,NA,NA,NA,3,3,3,4,3,NA,NA,NA,3,3,NA,3,NA,3,3,3,2,4,3,3,2,NA,NA,NA,NA,2,1,3,2,1,3,1,2,2,2,2,NA,3,1,4,4,4,4,4,4,4,4,NA,4,4,4,4,4,4,4,4,4,4,4,3,4,2,2,3,4,NA,3,4,4,3,2,3,4,4,3,2,3,3,3,3,4,4,3,3,3,4,3,4,3,NA,NA,2,2,3,3,3,3,3,3
A_0109,A,51.5,1|1|2|1,1|1|1|1,1|1|2|2,1|1|2|2,2|2|2|2,NA,1,0,NA,NA,NA,1,1,1,1,1,1,NA,0,0,0,0,1,0,1,1,1,3,2,2,2,2,1,2,3,NA,1,1,1,NA,1,2,2,NA,2,1,2,1,2,2,NA,1,3,2,1,2,2,1,2,1,2,2,1,2,2,2,0,3,3,2,3,NA,2,2,NA,2,3,2,2,2,3,3,2,2,3,NA,NA,1,1,NA,2,NA,1,1,1,0,2,0,1,1,1,1,1,1,1,1,1,1,1,1,0,1,1,1,1,NA,1,2,1,NA,1,1,0,1,1,2,2,2,2,2,2,2,2,NA,NA,2,2,2,2,2,2,2,2,2,2,NA,1,2,3,3,2,2,2,1,1,2,2,1,3,2,3,2,2,3,1,3,NA,3,2,3,3,3,3,3,2,3,3,3,3,3,3,3,3,4,3,3,2,2,2,2,3,3,3,4,4,3,3,4,2,3,3,3,3,3,4
A_0116,A,51.67,2|1|1|1,1|1|2|2,1|1|2|1,1|2|2|1,2|1|2|2,2,0,2,2,2,2,NA,1,NA,NA,3,2,0,NA,2,NA,2,2,3,0,0,1,1,1,1,NA,1,1,2,1,0,2,0,1,0,0,0,0,2,2,1,1,1,2,1,1,3,2,1,NA,2,1,2,3,1,2,1,1,3,2,2,NA,2,NA,3,2,2,1,2,2,1,2,3,2,2,1,3,1,1,3,2,3,1,1,2,2,2,1,1,0,1,2,2,2,2,2,2,NA,1,NA,1,0,2,1,NA,2,4,1,2,2,3,3,1,2,2,3,1,2,2,0,3,3,2,3,1,3,3,2,NA,3,3,3,2,3,NA,3,3,3,4,1,3,1,NA,1,2,2,1,2,NA,0,1,1,2,1,1,NA,2,1,2,1,2,2,2,NA,NA,2,2,NA,2,2,1,NA,2,NA,2,1,1,2,3,NA,NA,3,3,2,NA,3,2,2,2,3,2,3,2,2,3,2,2,2,2,3
A_0106,A,52.17,1|2|2|1,1|2|2|1,1|1|1|2,2|1|1|2,2|2|1|2,1,3,1,2,1,1,3,2,3,2,2,3,3,2,2,2,2,2,2,3,2,2,3,2,2,2,2,1,1,2,2,1,2,1,1,2,2,NA,NA,1,2,3,2,2,2,2,1,NA,3,1,2,2,NA,NA,NA,1,2,NA,1,1,2,2,NA,2,NA,3,2,2,2,2,2,3,2,1,3,4,2,NA,2,2,1,1,NA,4,0,1,3,1,1,2,0,2,1,2,1,2,1,1,1,2,2,3,2,2,2,2,1,3,1,2,1,2,2,1,2,1,3,3,1,3,2,3,3,3,3,3,2,NA,2,3,3,2,2,3,3,3,2,2,2,3,0,1,NA,3,1,1,2,1,0,2,1,2,1,3,2,1,2,2,2,2,2,2,2,2,2,2,2,3,2,1,3,2,1,2,2,2,3,2,3,NA,2,2,1,3,2,2,3,NA,2,2,4,NA,3,3,2,2,3,3,3,3
A_0110,A,52.61,1|1|2|2,1|2|1|1,2|1|1|2,2|2|1|1,1|1|2|1,2,NA,2,2,NA,1,2,2,1,2,1,1,2,0,0,1,0,1,0,2,2,2,2,3,1,1,2,1,2,2,3,0,2,2,3,3,NA,3,1,2,2,2,2,NA,1,1,1,NA,NA,1,2,3,2,2,4,3,3,4,2,1,NA,1,2,2,0,2,1,2,1,3,2,1,1,2,NA,1,2,1,2,2,1,1,1,2,0,1,NA,1,2,3,1,2,1,2,2,2,2,1,2,2,2,2,1,2,1,2,1,1,1,NA,2,1,1,NA,2,NA,1,3,1,2,1,2,0,1,1,1,1,NA,2,2,0,1,1,0,2,NA,1,2,NA,1,2,2,3,2,1,2,2,3,2,2,1,3,3,NA,2,2,3,3,2,3,NA,3,0,1,2,2,NA,1,3,2,1,NA,1,2,2,3,2,2,1,1,1,3,3,2,3,1,2,1,1,2,1,2,0,NA,1,2,1,2,2,NA
A_0108,A,52.89,1|2|1|2,2|1|1|1,1|1|2|2,1|1|2|1,1|1|2|2,1,2,1,1,1,1,0,1,2,NA,0,1,2,1,2,3,2,1,0,2,1,2,3,1,2,2,1,2,3,NA,3,2,3,2,1,3,NA,2,2,1,2,2,1,NA,3,1,2,1,1,1,2,2,3,NA,1,2,2,1,1,3,2,2,3,1,2,2,2,3,2,2,3,1,2,2,1,2,1,3,2,2,2,1,2,2,2,3,2,2,2,2,NA,2,0,2,1,1,1,1,2,2,2,1,2,2,1,1,1,1,1,1,1,0,2,1,1,1,1,0,2,1,2,1,2,NA,1,1,1,NA,2,1,1,2,NA,2,1,0,1,1,1,2,2,1,2,2,2,2,1,2,1,0,1,2,1,2,1,3,2,2,2,1,3,2,2,1,3,2,2,2,2,1,NA,2,2,2,1,2,2,NA,3,2,NA,1,1,0,2,1,1,0,2,3,1,2,2,1,1,1,1,2,2,2
A_0112,A,52.93,2|2|1|2,1|2|2|1,2|2|2|2,2|2|2|2,2|1|1|2,3,2,3,2,3,1,3,2,2,2,2,2,2,3,NA,NA,3,2,3,2,3,4,3,3,3,3,3,NA,NA,3,NA,4,4,4,NA,NA,3,3,4,3,4,3,NA,3,4,4,4,3,3,4,3,3,4,3,3,3,3,3,3,4,4,3,2,1,4,3,2,2,3,2,2,2,4,2,3,2,NA,3,3,2,3,3,2,2,2,2,4,NA,3,3,2,3,3,3,3,4,3,3,2,0,3,3,3,3,2,3,3,3,2,3,3,3,3,2,3,3,3,4,2,3,2,NA,2,3,2,3,1,2,NA,3,2,2,3,3,3,2,1,2,2,2,4,4,4,4,4,4,4,4,4,4,4,4,4,4,4,4,NA,4,4,4,3,3,3,NA,3,3,3,4,3,3,3,NA,2,3,3,2,NA,3,4,2,3,NA,3,3,NA,3,NA,3,2,NA,4,2,3,3,3,2,1,3,3,4
A_0115,A,53.01,2|2|2|1,2|2|1|1,2|2|2|1,1|1|1|1,2|1|2|1,2,3,2,1,2,3,3,4,3,3,2,2,4,2,3,2,3,3,NA,4,NA,3,3,3,4,NA,3,4,2,4,3,4,NA,2,3,2,2,NA,4,4,1,2,1,2,1,2,2,2,NA,2,2,1,1,2,NA,1,1,1,2,2,2,1,3,3,3,2,3,2,1,3,2,2,2,2,NA,2,4,1,4,3,3,NA,2,2,3,NA,2,NA,4,3,3,NA,2,2,3,3,3,2,2,2,2,2,1,2,1,1,0,1,1,1,1,0,2,1,1,NA,1,1,2,NA,3,3,1,2,3,2,1,1,4,3,0,3,NA,2,3,1,1,3,2,2,2,2,1,1,2,1,1,1,2,2,2,1,2,1,2,1,1,1,1,1,2,3,2,2,2,3,3,2,3,NA,NA,2,3,3,3,2,2,2,2,3,1,2,2,1,1,1,2,1,1,1,1,1,0,0,1,1,NA,1,1,1
A_0107,A,53.08,2|1|1|2,2|2|2|1,1|1|1|2,2|1|2|1,1|2|2|1,3,2,3,2,3,2,3,3,2,2,2,1,2,NA,3,3,3,3,NA,2,0,2,1,2,0,0,2,4,3,0,2,1,2,3,1,2,2,2,1,NA,1,2,3,3,2,1,2,2,0,1,1,3,2,2,2,2,3,2,2,3,NA,3,1,3,1,NA,3,3,3,2,3,2,2,4,2,1,2,2,3,2,2,1,2,2,1,2,3,2,2,3,1,2,NA,NA,1,2,NA,1,2,3,4,3,4,4,2,3,2,3,NA,3,2,1,3,1,3,NA,3,3,3,NA,3,3,3,NA,3,1,3,2,3,3,2,NA,3,NA,3,2,3,2,2,3,1,1,3,2,1,2,1,2,1,1,1,3,1,2,1,2,2,NA,1,2,2,NA,1,1,2,2,2,1,2,1,2,NA,2,2,NA,3,3,3,1,NA,2,2,2,2,2,NA,2,NA,2,2,1,3,2,NA,2,2,3,2,2,NA
A_0094,A,53.18,1|2|1|2,1|1|1|2,2|1|2|2,1|1|2|1,2|2|1|1,2,NA,3,2,2,NA,0,1,1,1,NA,2,1,2,1,NA,3,0,2,1,NA,3,2,3,3,2,NA,3,NA,3,3,2,3,NA,NA,4,2,2,3,2,2,NA,1,1,2,1,2,NA,1,1,2,2,3,1,1,2,NA,2,1,NA,2,2,1,1,2,2,2,3,2,1,3,1,2,2,3,NA,2,3,2,0,NA,3,NA,3,2,3,2,2,2,2,1,3,2,NA,3,2,3,3,3,2,1,0,1,1,1,0,2,1,1,2,2,1,1,1,2,2,1,0,2,0,1,1,1,3,NA,1,2,2,1,1,2,1,2,2,1,3,2,2,2,1,2,1,3,2,2,2,1,3,2,1,2,2,2,2,2,3,2,3,NA,1,2,3,2,2,1,1,2,2,2,NA,3,2,2,2,2,2,NA,2,3,2,3,2,1,1,NA,3,1,2,2,1,NA,2,2,1,3,1,3,0,0,2
A_0100,A,53.52,2|2|1|2,1|1|1|1,1|2|2|2,1|1|2|1,1|1|1|1,2,1,2,1,2,1,1,1,NA,1,1,1,1,2,2,2,2,1,2,1,2,3,3,NA,3,3,3,3,4,2,3,4,4,4,2,3,3,3,3,2,2,2,2,2,3,2,3,NA,2,2,2,2,3,2,1,2,2,NA,2,3,2,2,1,1,NA,1,2,2,2,1,2,1,2,2,2,1,1,2,1,1,1,1,2,NA,2,NA,2,2,NA,1,1,2,2,1,1,1,1,1,1,1,1,0,1,1,0,0,1,0,0,1,1,0,1,0,1,1,0,0,1,0,0,0,0,3,0,0,0,0,0,0,0,0,0,0,0,0,0,0,0,0,2,1,4,2,2,3,2,2,2,1,2,2,1,NA,1,3,2,2,2,2,1,1,2,1,2,2,2,2,1,NA,2,NA,2,2,2,NA,2,2,NA,2,1,0,0,0,0,1,0,0,1,1,NA,1,NA,0,1,0,1,0,0,1
A_0117,A,53.64,2|2|1|2,2|2|2|2,1|1|2|1,2|2|2|1,1|1|1|2,NA,3,4,NA,4,NA,3,3,3,3,3,3,3,4,NA,4,4,3,4,3,1,2,2,1,NA,2,1,NA,3,2,2,3,2,2,1,NA,1,1,3,2,NA,3,3,3,3,3,3,2,NA,3,3,3,4,3,3,3,3,3,3,3,3,2,NA,1,3,2,2,NA,3,1,2,NA,3,2,2,2,1,3,4,2,3,3,2,2,3,3,3,2,3,2,2,3,2,2,3,3,3,NA,NA,2,4,NA,4,4,3,NA,4,3,3,4,4,3,NA,3,4,4,3,4,NA,3,2,2,3,NA,2,3,2,3,2,2,3,2,2,NA,2,2,2,2,2,3,3,2,2,2,2,NA,NA,NA,2,1,1,2,3,NA,2,3,3,2,2,2,1,0,2,1,1,0,0,1,0,0,0,2,1,0,0,0,0,1,2,1,2,NA,2,NA,3,2,NA,1,1,2,2,2,NA,3,NA,1,2,2,2,2
A_0119,A,53.64,1|2|2|1,2|1|1|1,1|1|1|1,1|1|2|2,1|1|1|2,NA,3,0,NA,0,2,1,2,NA,1,NA,NA,3,1,2,2,2,2,1,3,2,NA,NA,1,2,2,1,1,0,2,0,1,1,0,NA,1,1,1,1,1,2,3,1,1,3,2,2,NA,3,2,3,NA,2,2,1,2,2,1,2,3,2,2,3,1,2,2,1,1,1,NA,1,2,1,0,4,NA,1,2,2,2,1,0,1,1,1,1,0,1,1,1,1,1,0,NA,0,0,0,0,1,1,2,2,2,2,2,NA,NA,2,2,1,1,NA,3,2,1,1,2,0,2,2,1,0,2,1,NA,1,0,1,1,0,NA,1,0,2,0,0,0,0,0,2,1,1,1,1,2,NA,1,1,1,NA,2,1,0,1,1,NA,0,1,1,0,1,0,1,1,1,0,0,1,0,0,0,NA,0,0,0,0,0,1,1,0,1,0,0,0,1,1,1,1,2,3,NA,1,3,1,1,1,1,2,2,NA
A_0114,A,53.87,1|2|2|1,2|1|1|1,2|1|1|1,1|2|2|2,2|1|1|2,0,3,0,1,0,2,NA,NA,3,1,1,2,3,1,2,2,2,2,1,3,3,2,2,2,NA,2,NA,NA,0,3,NA,1,1,NA,NA,NA,1,1,2,2,3,3,1,2,3,3,NA,3,4,3,4,2,3,NA,2,3,2,NA,3,NA,2,0,2,1,2,2,1,NA,0,2,1,3,1,0,2,2,2,1,0,1,2,1,1,2,1,1,0,1,NA,2,2,1,NA,2,1,1,1,1,2,2,2,2,2,2,2,2,2,2,3,1,2,2,3,3,1,2,2,1,NA,2,2,1,1,1,2,1,0,0,2,1,NA,2,1,2,1,1,0,1,1,NA,3,1,2,1,3,2,2,3,3,2,3,NA,2,1,2,2,1,2,2,1,1,2,0,1,NA,1,1,1,2,2,1,0,0,1,1,1,0,0,1,0,3,2,2,2,1,3,2,3,2,2,2,2,2,1,3,2,2,NA,1,3
A_0127,A,53.94,2|2|1|1,1|2|2|1,1|1|1|1,1|2|1|1,2|2|1|2,2,2,2,1,2,1,3,2,2,NA,2,2,2,3,2,2,3,2,NA,2,1,1,1,1,1,2,1,NA,1,1,NA,1,1,1,NA,1,0,0,2,1,2,1,1,2,1,2,2,1,2,3,2,0,2,2,NA,1,0,1,2,2,3,2,2,2,4,2,2,2,3,1,2,3,3,NA,4,3,2,3,3,2,NA,1,0,0,1,0,1,0,1,1,0,0,1,1,1,2,0,1,1,1,1,1,NA,1,NA,2,2,1,1,2,2,2,1,1,1,1,1,3,0,1,3,3,3,2,3,3,3,3,1,3,3,2,4,3,3,3,2,2,2,3,0,0,0,0,0,1,1,1,1,0,0,0,1,0,0,1,0,0,0,NA,1,1,2,2,1,1,1,2,1,1,2,2,1,1,1,1,1,1,2,1,3,2,2,NA,2,3,1,0,1,1,2,2,2,3,3,2,2,1,1,2
A_0098,A,54.18,1|1|1|2,2|2|1|1,2|1|1|2,2|2|2|2,1|2|2|2,2,1,2,1,2,1,1,2,1,1,1,1,2,NA,1,2,1,1,0,2,1,2,1,2,1,0,NA,1,3,1,3,1,2,2,2,3,NA,2,1,1,3,2,3,NA,3,2,2,3,2,2,2,3,3,2,3,3,3,NA,2,NA,2,3,2,2,1,2,1,3,NA,1,3,2,2,3,1,2,2,2,3,NA,2,1,2,3,0,2,2,1,3,NA,3,2,NA,NA,2,2,2,1,3,3,4,4,3,4,2,3,2,3,3,3,NA,2,4,3,3,3,3,3,3,4,2,3,NA,2,3,2,NA,3,3,NA,2,2,2,1,2,1,2,2,1,4,3,NA,NA,3,3,3,NA,4,NA,3,3,3,3,3,3,3,NA,4,3,3,4,3,2,3,3,3,2,2,4,NA,2,2,2,2,2,NA,3,3,2,2,NA,3,3,3,4,3,3,3,3,4,NA,4,4,4,3,4,3,NA,4,3
A_0104,A,54.7,2|1|1|2,2|1|1|2,2|1|1|2,2|1|2|2,1|2|1|2,3,1,3,2,3,3,1,2,0,2,2,1,1,2,2,2,2,2,2,1,1,3,1,NA,0,0,2,2,3,NA,3,1,2,3,2,3,2,2,2,2,2,2,4,3,3,2,2,3,1,2,1,3,2,2,2,2,3,2,2,NA,3,4,1,NA,2,2,2,2,4,1,2,NA,3,3,NA,2,1,3,4,2,2,2,3,4,2,3,1,3,2,3,3,2,2,3,2,1,2,2,4,3,3,3,3,3,4,2,2,3,NA,3,2,2,3,3,3,2,3,1,4,3,NA,NA,3,2,2,NA,2,NA,1,0,3,1,1,NA,0,2,2,NA,NA,3,NA,1,4,3,NA,2,2,3,NA,3,3,4,2,3,3,2,2,4,2,2,3,2,2,3,2,1,1,2,NA,1,2,2,1,1,1,NA,3,NA,2,1,2,1,1,2,2,NA,2,4,2,3,3,0,4,3,2,2,3,3,3,NA
A_0103,A,55.02,2|1|1|2,1|2|1|1,1|1|1|2,2|1|1|1,2|2|2|1,3,0,3,1,3,1,2,NA,NA,2,1,0,1,1,1,1,1,1,1,1,NA,NA,1,NA,0,0,2,1,3,0,NA,NA,2,3,1,2,2,2,1,1,NA,1,3,2,NA,NA,1,1,0,1,0,0,NA,1,2,1,NA,2,1,2,3,3,1,3,2,2,3,3,3,3,3,2,3,4,3,1,NA,2,3,2,0,0,1,1,0,1,NA,1,1,2,1,2,NA,1,1,1,1,NA,NA,NA,2,2,1,2,1,1,0,1,0,2,1,0,1,0,2,1,1,2,NA,2,NA,3,1,2,3,NA,2,2,3,3,1,2,NA,1,3,2,2,3,2,2,0,1,NA,2,0,1,1,1,0,1,0,2,NA,2,1,1,2,2,NA,2,2,3,1,1,2,3,3,2,3,2,NA,NA,2,3,3,3,2,3,2,2,2,3,3,3,2,2,3,2,2,1,2,2,1,2,2,2,3,2,2,1
A_0105,A,55.22,2|1|2|1,1|2|2|1,2|2|1|2,2|2|1|2,1|2|1|1,2,2,NA,2,2,NA,NA,NA,2,3,3,2,2,2,2,NA,2,3,2,2,3,3,2,4,2,2,4,2,2,2,NA,2,2,3,3,2,3,3,2,3,2,2,3,3,1,NA,3,3,3,3,2,2,1,3,3,2,2,3,3,2,1,2,1,3,1,1,2,1,2,2,1,3,1,2,2,2,2,1,2,2,2,NA,2,2,1,1,3,2,2,3,2,2,3,3,2,3,2,2,2,3,2,3,2,2,2,NA,2,NA,2,2,NA,3,2,2,2,2,3,4,1,3,1,2,2,1,2,1,NA,2,NA,2,2,1,NA,1,2,2,2,1,1,2,2,3,3,3,2,3,4,3,3,4,3,3,3,3,3,2,3,3,3,4,2,2,2,NA,2,2,2,2,2,2,3,2,2,NA,2,3,3,3,1,2,NA,2,NA,NA,2,2,2,3,1,1,NA,2,2,3,3,3,2,2,2,NA
A_0123,A,55.26,1|2|2|2,2|2|1|1,2|2|2|1,1|1|1|2,1|2|1|2,2,NA,2,NA,2,2,2,NA,3,2,1,NA,4,1,3,3,2,2,1,4,4,2,3,2,4,4,2,3,2,4,3,4,3,NA,4,3,3,3,3,3,3,2,2,2,3,3,1,2,3,2,2,2,2,1,2,2,2,2,1,2,3,4,3,2,2,3,2,3,3,2,3,3,2,2,2,4,1,4,1,2,3,2,2,2,3,2,2,2,4,3,3,2,2,1,3,3,3,NA,2,2,2,3,NA,2,2,1,0,2,2,1,1,NA,3,2,1,1,2,1,1,3,1,1,3,2,NA,2,1,3,0,1,2,1,2,2,1,1,1,1,0,4,2,3,1,2,3,1,2,1,2,3,3,1,2,2,3,1,1,1,2,NA,2,1,4,NA,2,1,1,2,NA,NA,2,NA,3,1,1,NA,2,2,2,3,1,0,1,0,1,NA,NA,2,2,2,2,1,3,2,1,2,1,2,2,2
A_0111,A,56.02,1|1|1|1,2|2|1|2,1|2|1|1,2|1|1|1,1|1|2|2,2,1,2,1,2,2,1,2,NA,2,1,1,2,1,1,1,1,1,1,2,1,0,0,0,NA,1,1,1,0,0,1,1,1,1,1,0,1,1,0,0,0,1,NA,1,0,0,0,0,0,0,0,1,0,0,1,0,1,1,0,0,1,1,2,1,NA,NA,NA,1,1,1,1,1,NA,1,0,1,1,NA,1,2,1,1,3,2,3,2,NA,3,2,2,3,2,2,1,2,1,2,1,2,1,3,2,NA,3,3,2,1,2,2,3,2,1,2,2,3,2,2,2,3,3,2,2,2,3,NA,3,2,3,NA,2,2,2,1,2,2,1,2,3,2,3,0,2,NA,1,0,1,1,0,1,2,1,1,1,1,1,0,NA,1,0,NA,2,1,2,2,3,2,2,2,1,2,1,2,2,NA,2,1,NA,3,NA,NA,0,2,2,1,3,NA,2,0,1,2,2,NA,1,2,0,1,1,3,3,1
A_0132,A,56.63,2|1|2|1,1|2|2|2,1|1|2|2,2|2|2|2,2|1|2|1,3,3,3,3,3,3,4,3,2,3,4,NA,2,3,3,1,2,3,3,2,2,2,3,3,2,2,3,NA,4,2,1,2,1,2,1,1,2,2,3,3,3,4,3,3,2,2,4,4,NA,3,3,3,2,4,NA,3,NA,3,4,3,NA,1,1,3,2,2,2,1,1,3,1,1,2,2,2,1,4,0,1,3,2,3,2,2,3,3,3,2,2,2,NA,3,2,3,2,NA,2,3,NA,2,3,3,3,3,3,NA,4,3,3,4,4,4,3,3,4,3,3,4,3,3,2,4,1,2,2,3,3,2,2,4,2,3,3,2,4,3,3,3,4,1,3,3,3,0,3,3,4,NA,2,2,NA,3,3,4,3,4,4,3,NA,3,NA,3,2,0,2,3,3,NA,NA,NA,2,NA,2,3,3,2,2,2,2,2,3,4,3,4,3,3,4,3,3,3,3,3,2,2,3,3,3,3,3,3
A_0124,A,56.82,2|1|2|2,2|1|2|2,2|2|1|1,2|2|2|1,2|1|2|1,NA,3,3,4,3,4,3,3,3,3,4,3,2,3,3,3,3,4,3,2,NA,3,1,3,2,2,3,3,2,2,4,2,2,3,4,2,3,NA,2,3,2,3,3,3,2,2,4,NA,NA,2,3,4,3,4,3,4,4,NA,4,2,2,2,2,3,2,3,2,2,2,4,2,2,3,3,2,1,4,1,2,3,3,3,3,3,3,2,1,3,2,2,4,2,4,3,3,2,2,3,4,3,3,2,4,3,3,4,4,3,3,3,3,3,4,3,3,4,3,3,4,2,4,3,NA,3,2,2,3,1,2,3,2,4,2,3,3,3,3,3,4,1,3,2,3,1,2,3,1,3,4,3,3,3,3,1,2,2,2,3,1,3,2,3,1,2,2,3,3,2,3,3,2,NA,2,3,3,2,2,2,2,2,3,4,3,4,NA,3,3,2,2,2,2,3,NA,NA,3,2,3,2,2,NA
A_0122,A,56.87,1|2|2|1,1|2|2|1,1|2|1|2,1|2|1|1,2|1|2|2,1,3,1,2,1,1,3,2,NA,2,2,3,NA,2,3,2,2,2,2,3,3,2,3,2,3,3,NA,2,1,2,1,3,3,2,2,2,NA,3,1,1,NA,2,1,1,NA,2,2,1,NA,NA,NA,1,2,2,2,2,1,2,2,NA,3,2,4,2,3,3,2,2,1,3,2,NA,2,1,NA,3,3,NA,2,3,1,1,2,1,NA,1,2,2,1,2,1,NA,NA,2,1,2,1,1,NA,2,1,1,1,1,0,2,2,1,1,1,2,2,NA,NA,1,1,1,3,0,1,3,4,NA,2,2,3,2,2,3,4,2,3,3,NA,NA,2,2,3,3,2,1,1,1,1,NA,3,NA,2,2,1,1,1,1,1,0,2,2,1,2,2,3,3,2,2,NA,4,4,4,3,2,3,2,2,4,4,2,3,NA,3,NA,2,3,2,3,3,2,2,2,1,2,2,2,1,2,2,2,1,2,NA,NA
A_0125,A,57.61,2|2|2|2,2|1|1|1,1|1|2|1,2|1|2|1,2|2|1|2,NA,3,2,2,2,3,2,3,3,2,2,2,3,2,2,3,3,3,2,3,2,NA,3,2,3,NA,2,2,3,3,2,3,2,2,2,2,2,2,3,3,2,4,3,2,3,2,3,3,2,2,3,4,3,3,3,3,4,3,3,3,4,4,3,3,4,4,3,3,NA,3,3,4,4,3,4,4,3,4,4,NA,2,1,1,1,1,2,1,1,2,NA,1,2,0,0,0,1,NA,1,1,1,3,NA,3,3,2,2,1,2,1,2,1,NA,2,1,2,2,2,1,3,2,2,1,3,3,3,2,2,2,2,1,2,2,2,NA,1,NA,1,1,1,3,2,2,2,NA,2,1,1,1,1,1,NA,2,2,2,2,NA,NA,2,2,NA,1,1,3,2,1,1,1,2,1,1,2,NA,2,1,1,1,1,1,2,2,3,2,2,3,2,3,2,NA,2,2,3,1,3,3,3,1,4,2,2,3
A_0126,A,58.56,1|1|2|1,2|2|2|2,1|2|1|2,2|2|1|1,1|2|1|2,2,3,2,3,2,3,3,3,3,NA,3,3,3,2,NA,2,2,3,2,3,2,1,2,2,1,NA,3,1,1,1,1,2,2,2,2,1,3,3,1,1,NA,2,1,1,0,1,2,NA,2,1,2,2,1,2,2,2,2,3,2,0,1,NA,2,2,1,2,1,1,2,1,NA,2,1,1,1,3,NA,2,3,NA,2,2,4,3,3,3,3,4,2,NA,3,3,3,3,3,2,2,2,3,3,3,3,3,3,NA,4,3,3,3,3,3,3,2,3,NA,3,3,4,3,3,3,2,4,3,3,3,3,4,3,2,4,2,3,3,2,3,NA,2,2,4,1,2,2,NA,0,3,2,2,NA,2,1,2,2,2,1,2,2,2,2,3,2,1,3,3,3,2,2,3,1,2,3,3,NA,2,2,2,3,3,2,2,2,2,3,1,3,2,1,2,1,1,2,2,2,4,2,2,2,2,2,1
A_0120,A,59.23,2|1|1|1,2|2|2|1,1|2|1|1,1|1|2|1,2|1|1|1,2,2,2,1,2,2,3,3,2,2,2,1,2,2,3,2,3,3,2,2,1,1,0,1,1,1,2,2,1,0,NA,1,1,2,1,0,1,1,1,NA,0,1,1,NA,1,0,2,2,0,1,1,1,1,2,0,1,1,0,2,2,1,0,0,1,2,1,NA,0,1,1,0,1,2,1,2,0,NA,0,0,1,2,1,2,1,2,1,2,2,2,2,2,1,2,1,1,2,1,1,1,2,3,2,3,3,1,2,NA,2,1,2,2,1,3,NA,2,NA,2,2,2,2,3,3,2,2,3,2,1,NA,3,3,1,3,3,3,3,2,NA,2,2,2,1,NA,1,0,1,2,1,1,2,1,2,1,1,0,0,1,0,1,0,0,NA,1,1,1,1,NA,2,2,1,1,2,1,NA,2,2,0,1,1,1,1,2,1,1,1,0,2,NA,1,1,1,1,1,1,0,2,0,2,0,0,2
A_0135,A,60.47,1|1|2|1,2|2|1|2,2|2|1|2,2|2|2|1,2|2|2|1,2,NA,2,2,2,3,1,3,2,2,2,2,3,1,2,1,1,NA,NA,3,3,2,2,3,2,1,NA,2,2,2,2,2,2,NA,NA,2,3,3,2,2,2,3,1,1,1,NA,3,2,2,1,3,3,2,NA,NA,3,2,NA,NA,1,1,2,1,3,1,2,2,2,1,3,2,NA,1,2,1,2,3,1,1,2,2,3,4,4,2,3,3,4,4,4,4,3,3,3,4,2,3,2,4,3,4,3,3,3,2,3,3,2,3,3,4,NA,3,3,4,4,3,2,4,3,3,3,2,3,4,4,3,3,3,3,0,3,3,2,3,NA,3,4,3,3,3,2,4,2,2,NA,2,4,4,3,3,4,3,2,2,2,3,4,2,4,NA,4,2,4,3,4,4,3,NA,NA,4,NA,3,4,4,4,4,3,NA,3,4,NA,4,NA,3,4,NA,3,3,3,2,4,2,3,4,3,4,3,2,2
A_0147,A,60.53,1|2|2|2,2|2|2|2,1|1|2|2,1|2|1|1,2|2|2|2,4,3,4,NA,3,3,3,3,4,3,3,4,4,NA,4,NA,3,3,4,4,1,1,4,2,3,2,2,1,NA,3,NA,NA,3,NA,2,3,3,3,2,3,3,1,1,2,1,3,2,1,3,2,2,2,3,2,3,3,NA,3,NA,1,4,3,4,3,3,4,3,4,3,4,4,3,3,3,3,4,NA,4,3,NA,3,3,2,3,3,4,3,3,3,4,2,4,2,NA,2,3,3,4,2,3,2,NA,2,2,2,3,3,3,3,3,3,3,2,3,2,3,2,3,2,3,4,4,4,4,4,NA,4,4,4,4,NA,4,4,4,4,4,4,4,4,4,1,1,1,2,2,2,3,2,1,0,NA,1,2,2,1,3,2,1,2,2,3,3,3,3,3,NA,3,3,3,2,3,3,3,NA,3,3,NA,3,3,3,3,3,3,2,2,3,2,3,3,2,3,3,2,3,3,3,2,2,2,2
A_0151,A,60.58,1|2|2|1,1|1|1|2,2|2|1|1,2|2|2|1,2|1|2|2,2,1,NA,NA,0,2,0,1,2,2,2,3,2,2,NA,1,1,1,2,2,NA,2,2,2,3,2,2,3,NA,3,1,3,2,NA,4,2,2,2,2,2,3,3,1,1,2,NA,3,2,3,2,4,3,3,3,3,3,2,3,3,2,3,NA,3,2,2,3,1,2,NA,3,2,1,NA,1,3,3,3,2,2,2,1,2,3,2,2,1,1,2,1,0,3,1,2,2,3,2,2,0,3,1,NA,1,2,1,2,2,3,1,NA,2,3,2,NA,2,3,3,2,2,3,NA,1,2,NA,3,1,3,2,2,3,2,NA,2,1,2,2,2,3,3,3,1,3,2,3,2,2,3,1,3,4,NA,3,NA,3,1,2,1,1,3,1,3,NA,2,3,2,3,3,3,2,3,3,NA,2,2,3,3,2,2,3,2,2,3,4,2,4,4,NA,3,2,2,4,4,3,2,4,3,2,3,3,2,3
A_0129,A,61.66,1|2|2|1,2|2|2|2,1|2|2|2,1|1|2|1,2|1|1|2,2,4,2,3,2,3,3,3,4,3,3,4,4,3,4,3,3,3,3,4,2,1,4,NA,3,3,3,2,2,3,1,4,3,2,2,2,3,3,NA,2,2,3,0,0,2,1,2,2,NA,1,3,2,2,2,1,2,2,1,2,2,3,2,3,1,3,3,1,1,1,2,1,1,2,1,3,3,2,2,3,2,3,NA,4,3,4,4,4,4,3,NA,3,4,NA,3,3,3,3,3,3,3,3,2,NA,3,2,2,3,2,2,3,3,2,3,2,3,3,2,2,3,2,3,3,3,4,3,4,3,3,3,3,3,3,3,4,3,3,2,3,3,3,2,2,2,2,NA,3,2,2,2,NA,NA,2,1,2,1,2,3,2,2,1,2,4,NA,2,3,3,3,4,NA,1,3,3,2,3,3,1,2,3,3,2,2,1,0,2,1,2,1,1,1,2,2,NA,2,1,2,0,2,1,1,NA
A_0134,A,61.69,1|1|2|1,2|2|1|1,2|2|1|1,2|1|2|1,1|2|2|1,1,1,1,1,1,2,2,3,NA,1,1,1,3,0,1,1,1,2,0,NA,3,1,1,2,2,1,2,2,1,2,2,2,1,NA,3,1,2,2,0,2,1,NA,1,NA,1,0,2,2,1,0,2,3,1,2,1,2,2,2,2,1,0,2,1,3,0,2,2,NA,1,2,2,1,NA,NA,0,NA,2,1,2,2,2,1,2,NA,NA,1,3,2,3,3,3,1,3,1,3,NA,2,1,3,2,4,NA,3,NA,3,NA,1,2,1,2,2,0,3,1,3,2,2,1,3,3,2,2,2,1,3,1,1,4,2,NA,1,2,NA,1,2,NA,1,NA,1,3,3,NA,3,1,2,2,0,2,3,3,3,3,2,1,2,0,2,3,1,2,2,2,1,3,2,2,2,1,2,4,NA,2,3,2,2,3,3,2,1,3,2,2,3,3,2,2,2,NA,3,2,NA,3,2,2,2,4,3,2,2,1
A_0121,A,61.95,1|1|1|1,2|1|2|2,1|1|1|1,1|2|1|1,1|2|1|2,NA,2,1,2,1,2,1,1,2,1,NA,2,1,2,NA,2,NA,NA,NA,1,0,0,NA,0,0,NA,0,0,0,0,0,0,0,NA,0,0,0,0,0,0,1,0,NA,1,0,NA,1,0,1,1,1,0,1,1,1,NA,NA,1,1,0,1,2,1,NA,1,1,1,1,2,0,1,2,1,1,1,2,0,2,2,1,2,2,2,2,2,2,1,2,1,1,0,2,2,2,1,1,1,NA,NA,2,1,1,2,1,2,3,3,2,3,1,2,3,1,3,1,3,2,NA,2,1,NA,1,4,2,2,2,3,3,2,1,4,2,2,3,1,3,NA,1,NA,3,1,0,0,0,0,NA,1,1,1,0,0,0,1,0,0,NA,1,0,1,NA,1,0,2,2,1,0,0,1,0,NA,1,2,NA,0,0,1,1,1,1,1,NA,1,2,NA,2,2,0,2,NA,1,1,2,2,3,2,2,1,1,1,1
A_0130,A,62.01,1|2|1|2,1|1|2|1,2|2|1|2,1|2|1|2,2|2|1|1,1,2,1,2,1,0,1,0,2,1,1,2,1,2,2,3,2,1,2,NA,2,3,2,2,NA,2,2,3,NA,2,3,2,4,3,3,4,3,3,2,1,3,1,2,3,3,4,NA,1,3,3,2,1,3,1,3,2,1,2,1,2,NA,2,2,1,2,1,2,3,2,2,3,NA,2,3,NA,2,1,3,2,0,NA,NA,2,2,2,1,1,NA,1,2,2,1,3,3,2,2,1,2,2,3,0,NA,1,0,1,2,2,2,2,2,1,3,1,NA,0,1,2,3,0,1,3,2,2,1,2,NA,NA,1,0,2,2,2,NA,2,2,3,NA,1,2,NA,1,2,2,2,2,3,3,3,3,3,3,2,NA,2,2,3,1,2,2,3,2,3,2,NA,2,NA,3,3,NA,3,4,2,NA,3,3,NA,3,2,3,2,NA,NA,2,1,1,3,2,4,2,1,3,2,2,2,3,3,2,1,1,2
A_0118,A,62.84,2|1|2|1,2|2|1|1,1|1|2|2,2|2|2|2,1|1|2|1,2,2,2,1,2,3,3,4,2,3,2,1,3,1,2,1,2,3,NA,3,1,2,3,3,2,2,NA,NA,NA,2,1,2,1,2,1,1,2,2,2,3,2,3,3,4,2,NA,4,4,3,3,3,3,2,NA,3,3,NA,NA,4,3,0,1,2,3,1,1,2,1,1,2,1,2,1,2,1,1,3,0,1,3,2,1,2,2,NA,3,3,2,3,3,1,3,0,1,2,2,2,1,2,2,4,4,3,4,3,3,2,3,3,3,3,2,4,3,3,NA,3,3,3,4,2,2,1,1,2,1,1,1,3,2,0,2,1,1,2,0,NA,2,1,2,3,3,3,4,3,3,3,3,2,2,2,3,3,4,3,4,4,3,4,3,2,2,1,0,2,2,2,1,2,1,1,1,2,2,2,2,2,2,2,2,2,3,2,2,3,2,3,2,3,3,2,3,NA,2,2,3,2,NA,3,2
A_0145,A,65.86,1|2|1|2,1|2|2|1,1|1|1|2,2|1|1|2,1|2|2|1,2,2,3,2,NA,0,3,1,2,3,1,2,2,2,2,3,2,1,3,2,0,1,2,1,NA,1,NA,1,3,1,1,1,3,2,1,3,2,2,2,2,2,1,3,2,2,NA,NA,1,2,2,2,2,2,0,2,2,2,2,0,NA,2,NA,3,2,1,NA,NA,4,2,NA,4,2,1,2,1,2,1,3,2,1,1,4,0,1,1,NA,1,0,0,2,0,1,2,2,1,1,0,2,0,2,2,3,2,2,3,2,1,2,1,2,1,2,NA,1,NA,1,2,3,NA,2,2,3,3,NA,NA,2,2,2,1,3,2,3,2,1,NA,2,2,2,2,2,1,NA,2,3,1,1,2,1,0,2,1,2,1,3,2,NA,2,2,3,NA,2,2,0,NA,1,2,2,2,2,2,2,1,2,2,2,3,3,2,2,2,1,2,3,2,NA,NA,3,2,3,2,1,2,2,1,1,3,2,2,3,2
A_0140,A,66.2,2|2|1|2,2|1|1|2,1|2|2|1,1|2|2|1,1|2|2|1,2,3,3,2,2,3,2,2,2,3,4,2,2,3,2,3,3,2,3,2,2,3,2,NA,2,NA,2,3,1,2,3,3,NA,3,2,2,2,2,3,1,2,NA,2,3,NA,3,NA,2,2,3,3,2,4,3,NA,3,2,2,3,3,1,3,3,3,2,2,4,4,3,2,4,3,2,3,NA,2,2,3,3,2,2,2,3,NA,3,3,2,4,1,1,3,3,1,1,NA,NA,3,2,3,2,2,1,2,2,NA,NA,NA,2,3,2,3,2,1,3,2,NA,2,1,0,NA,2,1,1,2,2,2,2,2,3,1,NA,1,2,1,1,2,2,3,2,2,NA,2,1,1,2,3,2,2,3,1,2,1,NA,1,1,2,2,1,1,1,1,1,2,2,1,2,2,1,1,NA,2,3,4,2,2,2,NA,3,1,4,3,2,3,2,2,3,1,2,3,2,0,4,NA,2,3,NA,2,2,1,2
A_0143,A,66.46,2|1|1|2,2|2|1|1,1|2|1|1,2|1|1|1,2|2|2|2,2,2,3,NA,3,2,3,2,1,2,NA,0,2,1,0,2,2,3,2,2,2,3,0,2,0,2,2,2,1,NA,3,1,2,3,NA,1,2,2,2,NA,0,2,3,2,NA,1,1,NA,0,1,1,2,1,1,2,1,1,2,1,1,3,NA,NA,3,3,3,4,3,4,3,3,4,4,4,3,NA,3,3,3,3,1,NA,2,1,1,1,2,2,2,NA,2,1,2,0,2,0,1,NA,2,2,3,2,NA,1,1,2,0,1,1,1,1,NA,3,1,2,1,2,NA,2,3,3,3,3,3,4,3,2,3,3,3,2,3,3,3,3,2,2,3,2,4,1,2,1,NA,0,1,0,0,1,2,1,1,2,1,1,0,0,1,1,1,NA,2,3,NA,3,3,3,2,2,3,3,3,NA,3,3,2,3,3,2,NA,2,3,3,1,3,2,NA,2,2,3,3,2,2,3,2,2,3,2,3,2
A_0131,A,66.9,2|1|1|1,2|1|1|2,1|2|2|2,2|1|2|1,1|1|2|1,2,2,2,1,2,3,1,2,1,2,NA,1,NA,2,1,1,2,NA,2,1,2,2,2,2,1,3,3,NA,3,1,2,NA,2,NA,1,1,2,2,3,2,0,2,2,1,1,0,2,2,0,1,1,2,1,2,1,1,2,1,2,2,0,0,NA,2,1,1,2,NA,1,1,1,1,1,1,1,0,2,3,0,2,2,2,NA,NA,3,4,3,4,2,2,3,4,2,2,2,2,3,2,3,2,3,4,NA,3,3,2,2,2,2,1,2,1,2,2,3,3,2,0,4,2,1,1,1,2,1,NA,1,1,3,1,1,2,0,1,1,1,2,2,2,1,3,3,3,3,2,3,2,2,2,2,NA,3,2,3,2,2,NA,3,3,2,2,2,2,NA,NA,3,3,2,2,2,NA,2,3,3,3,2,3,3,1,3,1,2,2,3,2,1,2,0,2,2,1,2,1,1,NA,1,2,2,2,1
A_0133,A,67.81,2|2|1|1,1|2|2|1,2|1|1|2,1|2|2|2,1|1|1|2,2,3,2,1,2,1,NA,2,2,NA,2,2,2,3,2,2,3,2,3,2,2,3,2,3,2,2,2,3,2,2,2,1,2,2,1,3,1,1,3,2,3,2,2,3,3,NA,3,3,3,4,3,1,3,3,2,2,1,1,3,4,NA,1,2,1,3,1,1,1,2,0,1,2,2,1,3,2,1,2,2,2,2,2,1,2,1,1,2,1,2,3,1,1,2,3,2,2,1,2,1,3,2,2,2,2,1,2,3,2,2,4,3,NA,2,2,2,2,2,4,1,2,1,2,2,1,1,2,1,2,1,2,2,NA,2,2,NA,1,1,1,1,NA,2,1,3,2,3,3,3,4,3,2,3,3,NA,2,2,3,2,3,2,3,3,2,1,2,2,1,1,2,2,1,1,1,NA,1,1,2,NA,2,NA,0,2,1,1,1,2,2,1,NA,2,3,NA,2,3,2,2,2,1,NA,2,3
A_0138,A,69.64,1|2|2|1,1|2|2|2,1|2|1|2,2|1|1|1,1|1|1|1,NA,2,2,3,NA,NA,2,2,3,3,3,4,4,3,4,2,2,2,NA,3,2,1,3,2,2,NA,3,2,2,2,1,3,3,2,2,2,3,3,3,NA,2,2,1,0,1,1,NA,1,2,1,2,2,1,NA,2,1,1,2,1,1,1,0,1,1,1,1,0,1,0,1,NA,0,0,0,1,NA,1,1,1,1,NA,2,2,2,3,2,1,3,2,2,2,2,3,NA,3,2,1,3,2,NA,2,NA,2,2,3,2,2,2,1,2,2,2,2,1,3,2,2,2,2,2,1,2,1,NA,1,2,2,2,NA,2,2,2,2,NA,NA,2,2,2,2,1,1,2,2,2,0,2,1,1,1,2,1,2,2,2,1,1,2,1,2,2,1,1,1,NA,2,2,NA,1,1,1,2,1,1,2,2,1,2,2,1,1,NA,1,1,1,1,0,0,0,0,1,1,0,0,1,0,0,1,0,NA,0
A_0128,A,69.92,2|2|2|2,1|1|1|1,2|1|1|2,2|1|2|1,1|2|1|1,2,2,2,2,2,2,2,2,NA,2,2,2,2,2,2,2,2,2,2,2,3,4,1,4,3,NA,3,3,3,3,3,2,3,3,NA,4,3,3,3,NA,2,4,3,2,3,2,3,3,2,2,3,4,3,3,3,3,4,3,NA,3,2,4,2,3,2,2,3,3,3,2,3,3,2,3,2,3,2,NA,3,2,1,1,NA,2,0,1,1,1,NA,2,1,1,1,2,1,1,1,1,1,2,2,NA,2,2,1,1,1,1,2,2,1,0,1,0,2,1,1,0,2,1,1,0,1,0,1,0,1,1,0,0,1,0,NA,0,0,1,1,0,0,1,3,1,4,2,2,2,NA,3,NA,2,2,4,2,NA,2,1,3,4,2,3,2,2,1,NA,1,1,1,1,2,2,2,1,1,NA,1,3,2,1,NA,1,2,NA,2,2,1,2,1,1,NA,1,1,2,2,2,NA,1,3,1,1,1
A_0139,A,70.21,1|2|1|1,2|2|1|2,2|1|1|1,1|2|1|2,1|1|1|1,NA,2,2,1,2,NA,1,2,1,3,1,2,3,2,2,2,2,2,2,3,1,NA,1,1,2,1,0,2,0,2,1,1,1,0,1,2,0,0,1,1,3,0,1,2,2,3,1,1,3,3,2,0,NA,1,2,NA,NA,1,1,2,NA,0,1,0,1,0,0,1,0,0,1,0,NA,0,1,NA,0,1,1,0,2,3,3,NA,NA,2,NA,2,3,3,NA,2,2,NA,3,2,NA,1,3,2,2,3,1,1,NA,2,2,2,4,2,3,3,3,4,2,3,3,3,2,3,1,1,1,2,2,2,1,NA,2,NA,1,1,1,1,1,1,1,2,NA,2,1,NA,1,1,3,1,2,2,2,2,2,1,1,1,2,2,0,1,1,2,1,1,0,1,0,0,0,1,1,1,NA,0,NA,0,0,1,0,0,1,0,1,1,1,0,0,1,1,2,2,0,NA,1,1,1,1,2,0,1,1,1
A_0137,A,70.59,2|2|2|2,2|1|1|2,2|2|2|2,2|1|1|1,1|1|2|1,3,3,3,3,3,3,2,3,3,3,3,3,2,3,3,3,3,3,3,3,4,4,4,4,4,4,4,4,4,4,4,4,4,4,NA,4,4,4,4,4,2,3,3,2,2,2,2,2,NA,2,NA,3,2,2,3,2,2,3,2,2,2,2,3,3,2,3,3,3,2,3,3,2,2,2,2,NA,3,2,2,NA,3,3,4,4,3,4,3,4,3,3,4,4,2,3,3,3,4,3,4,3,2,2,2,2,2,2,1,2,2,0,1,1,2,2,2,1,0,0,3,2,1,1,1,2,1,2,NA,1,NA,NA,1,NA,NA,1,1,1,2,2,2,1,3,3,3,3,2,2,2,2,2,3,2,3,3,3,3,NA,3,3,3,3,3,3,2,2,2,3,3,2,3,3,2,3,NA,3,NA,NA,3,3,3,NA,NA,2,2,2,2,0,2,0,1,2,NA,1,NA,1,0,NA,1,1,1,1
A_0164,A,70.6,1|2|1|1,1|2|2|1,2|1|2|2,1|2|2|2,2|1|1|2,1,2,2,1,2,0,3,1,2,1,1,2,NA,2,2,2,2,NA,2,2,1,1,3,2,2,1,1,2,NA,3,2,2,2,2,2,3,NA,2,2,3,NA,1,1,2,NA,3,2,2,NA,3,2,1,3,2,2,3,2,3,2,4,2,1,2,0,1,1,1,1,1,2,NA,1,NA,1,3,2,1,2,2,NA,3,2,1,2,2,NA,3,2,3,NA,1,2,3,3,2,2,3,4,1,2,3,2,2,3,NA,2,3,2,3,4,3,3,2,NA,2,3,1,3,1,2,2,3,NA,3,2,2,2,NA,NA,3,2,2,1,3,3,2,1,2,2,2,3,2,3,2,4,NA,NA,4,3,NA,3,2,2,3,2,3,4,3,3,NA,3,3,4,2,3,2,2,3,3,1,2,2,1,2,3,2,1,2,2,1,3,2,2,2,2,3,2,4,2,3,3,2,2,3,3,1,1,3,2,3
A_0152,A,71.25,2|2|1|1,1|2|2|1,1|2|2|2,2|1|1|2,1|1|1|2,1,3,2,1,3,1,3,2,NA,2,2,2,1,3,2,2,3,2,2,2,2,2,3,3,2,4,3,3,2,2,2,3,4,3,2,2,2,1,4,NA,2,2,NA,2,3,2,1,2,2,3,2,1,1,1,2,1,1,1,1,3,2,1,NA,1,3,1,1,1,2,0,1,NA,2,1,NA,2,1,2,3,2,2,3,1,1,3,NA,2,2,NA,3,1,2,3,2,2,2,NA,4,NA,3,NA,3,2,2,2,2,1,2,2,2,1,2,NA,1,4,1,2,2,1,2,1,2,3,1,2,1,1,2,NA,2,2,1,1,2,2,1,1,1,2,2,2,4,2,4,2,2,3,1,1,3,NA,NA,NA,4,3,3,3,2,4,2,2,1,3,2,3,2,2,1,1,1,2,3,2,2,2,1,2,3,1,2,0,1,2,NA,2,0,2,1,1,2,2,0,2,2,0,1,1,1,3,2
A_0148,A,71.81,1|2|2|1,1|1|1|2,2|1|2|1,2|2|2|1,1|1|1|2,2,1,2,2,0,2,0,NA,NA,2,NA,3,2,2,3,1,1,1,2,2,2,NA,3,1,4,2,1,2,2,4,1,3,1,0,3,2,1,1,1,2,3,3,1,1,2,2,3,2,NA,2,4,3,3,3,3,3,2,3,3,2,2,1,2,1,2,2,0,1,1,1,1,1,1,0,2,3,1,2,2,2,2,3,2,NA,2,2,2,2,1,1,2,2,1,2,2,3,3,NA,2,0,2,2,2,1,2,2,NA,1,2,2,3,2,NA,2,3,3,2,1,3,2,0,0,NA,2,1,1,1,2,2,0,2,0,0,1,0,NA,1,1,NA,1,NA,2,3,2,0,2,2,3,3,2,2,2,3,2,3,NA,2,3,2,3,2,1,3,0,1,0,0,1,1,1,NA,2,1,0,0,1,0,1,NA,1,2,2,2,2,3,2,1,1,1,3,3,2,2,3,2,1,2,1,2,2
A_0144,A,72.01,1|2|1|1,2|2|2|1,1|1|2|1,1|1|2|2,1|1|1|1,NA,3,1,1,2,1,2,2,3,2,1,2,1,4,2,3,3,2,2,3,NA,0,2,0,2,2,0,1,0,2,0,NA,1,0,0,NA,0,0,1,0,NA,1,1,1,NA,2,1,NA,2,2,2,1,2,1,1,2,2,0,NA,3,1,0,NA,0,1,0,0,1,0,0,NA,0,0,0,1,1,NA,1,1,0,3,2,NA,1,2,2,3,2,2,2,1,NA,2,1,1,2,2,2,1,2,3,2,3,4,2,2,2,3,2,NA,2,2,3,NA,2,NA,2,3,NA,2,2,2,2,1,2,1,1,1,1,2,1,2,2,2,2,1,1,1,1,2,2,2,1,2,2,1,2,1,1,1,2,NA,1,2,2,2,3,1,2,0,0,0,1,0,NA,0,0,0,NA,0,0,1,1,NA,0,0,0,0,0,1,1,0,0,NA,1,1,1,1,1,1,1,1,NA,0,1,1,1,2,1,NA
A_0142,A,72.45,1|2|2|1,1|2|1|1,1|1|1|2,2|1|1|1,2|2|1|2,2,1,1,1,1,NA,1,1,2,2,1,2,NA,1,NA,1,1,2,2,3,NA,0,3,2,2,NA,2,1,2,2,0,2,2,1,1,2,2,2,2,2,2,2,1,0,1,1,NA,1,2,1,2,2,1,1,2,1,1,2,1,1,3,2,2,2,3,2,1,2,2,2,2,2,2,2,3,4,2,3,NA,2,0,1,0,1,0,1,1,0,2,2,NA,1,1,1,1,0,4,1,0,NA,2,2,1,0,1,1,0,0,0,1,1,0,2,0,2,1,1,NA,1,2,2,2,3,2,3,2,2,3,1,2,2,2,2,2,2,NA,1,2,1,3,1,1,2,2,0,1,1,1,0,1,0,2,1,NA,1,1,2,2,2,NA,2,2,2,3,3,2,2,3,2,1,3,2,1,2,2,2,2,2,2,NA,2,2,2,2,2,2,2,2,1,2,3,1,2,3,2,1,3,1,3,1
A_0150,A,72.47,2|2|1|1,2|2|2|2,2|2|1|2,2|1|1|1,2|1|2|1,2,4,3,2,3,3,3,3,3,3,3,3,2,4,3,3,4,3,3,3,3,3,NA,3,NA,3,3,4,3,2,3,2,3,3,3,3,2,2,4,2,1,2,2,1,2,1,1,1,1,2,2,1,1,1,2,NA,0,1,1,2,2,1,NA,NA,2,1,2,2,1,2,2,NA,2,2,3,1,3,NA,NA,1,3,4,4,4,3,3,3,3,4,3,4,NA,4,4,4,3,3,3,4,4,3,3,3,2,3,3,2,2,2,2,2,2,3,2,3,2,3,2,NA,3,3,4,2,3,2,4,3,NA,3,4,2,4,3,3,4,3,NA,4,4,2,NA,2,3,2,1,NA,1,2,2,3,2,NA,2,2,2,1,1,NA,NA,3,3,3,2,3,3,4,4,3,4,3,3,NA,2,4,4,3,NA,3,NA,2,1,3,2,3,2,1,3,1,1,2,2,1,0,2,1,1,2,2,1,1
A_0155,A,74.05,1|1|2|2,2|1|2|1,1|1|2|2,1|1|2|2,2|1|2|1,2,2,1,2,2,NA,2,3,2,2,2,2,2,1,1,3,2,NA,NA,2,1,1,3,2,2,NA,2,1,1,2,2,2,1,2,NA,2,3,3,1,2,2,2,2,2,2,2,2,3,2,1,2,NA,2,2,1,2,4,2,2,NA,2,1,2,2,1,3,2,2,NA,4,2,1,2,2,1,NA,3,1,0,1,3,1,NA,2,2,3,2,2,2,3,1,3,1,2,0,2,2,NA,1,3,2,2,2,NA,2,2,2,3,2,2,1,1,1,NA,NA,1,2,1,2,1,NA,3,1,1,1,NA,2,0,NA,NA,1,NA,3,3,3,2,3,NA,3,1,2,2,2,2,2,2,3,2,1,1,3,2,1,3,2,3,4,2,3,1,1,1,2,2,2,3,3,2,3,1,2,2,2,3,3,2,2,2,2,2,2,2,NA,2,2,2,3,2,2,NA,1,2,NA,1,NA,2,2,4,1,2
A_0146,A,75.4,1|1|1|1,1|1|2|1,2|2|1|1,2|2|1|2,2|2|2|2,0,1,0,0,1,0,1,1,1,0,1,NA,0,1,1,1,1,0,0,0,2,2,0,1,1,NA,1,2,1,1,2,1,1,1,NA,1,1,1,NA,1,2,NA,2,2,1,NA,NA,1,2,2,1,1,1,1,2,1,1,2,1,1,2,2,2,2,2,2,2,2,2,2,2,2,2,2,2,2,2,NA,2,2,2,1,2,1,NA,0,1,1,1,0,2,0,3,3,2,2,1,1,2,2,1,2,1,2,3,3,2,3,2,2,1,2,1,2,1,1,2,3,NA,2,3,3,3,2,NA,2,3,2,2,3,3,3,3,3,3,NA,3,2,NA,2,2,3,2,2,3,2,2,2,3,4,3,2,3,2,3,2,1,NA,2,3,NA,3,3,3,3,3,NA,3,3,NA,3,3,3,3,3,3,3,3,3,3,3,4,4,3,3,NA,4,4,4,3,4,3,3,4,3,4,3,3,4,3
A_0156,A,75.46,2|1|1|1,1|2|1|1,1|1|2|2,2|2|1|1,1|2|2|2,1,1,1,1,2,1,NA,1,1,1,1,NA,1,NA,1,NA,NA,2,1,NA,1,1,2,2,1,NA,2,NA,1,1,2,1,2,2,0,NA,1,1,2,1,1,NA,2,2,1,1,2,1,1,2,1,1,1,2,0,1,NA,2,2,1,1,3,2,3,3,2,3,NA,3,1,2,3,2,2,2,2,2,2,3,3,1,2,NA,1,1,2,2,1,2,NA,0,2,1,1,1,1,1,3,0,1,2,2,NA,1,1,2,NA,1,2,2,2,2,3,1,2,2,1,NA,1,3,1,2,3,2,3,2,1,3,2,NA,2,1,1,1,2,1,1,2,1,3,2,2,NA,2,2,2,3,2,1,1,1,2,3,3,2,3,2,2,3,3,3,NA,2,2,2,2,2,2,2,2,2,3,3,2,NA,3,3,NA,3,3,2,3,3,NA,3,2,2,2,3,4,3,2,2,3,2,3,2,1,3,3
A_0136,A,75.49,2|2|1|1,1|2|2|2,1|2|2|2,1|2|2|2,2|2|1|2,3,3,3,2,NA,2,3,NA,2,4,3,NA,2,4,3,2,3,2,4,NA,2,2,3,NA,2,4,3,3,3,2,2,3,3,3,1,2,2,2,4,2,3,2,2,3,3,3,3,3,3,4,3,1,3,3,2,2,2,1,3,4,3,2,2,2,4,1,NA,NA,3,1,2,3,3,3,4,3,2,3,NA,2,2,3,2,NA,4,3,2,3,2,2,2,3,3,3,3,3,2,4,2,2,2,3,NA,2,3,2,NA,2,3,4,4,4,NA,3,3,4,2,4,2,2,3,3,3,3,NA,3,4,4,2,3,4,NA,4,3,3,4,3,3,3,NA,NA,3,2,3,3,4,4,3,3,2,3,2,3,3,2,4,3,2,3,NA,2,2,NA,3,4,3,NA,4,2,2,4,4,NA,3,3,2,3,3,2,3,4,2,2,2,2,4,2,4,3,2,3,NA,4,3,4,3,3,NA,3,3
A_0153,A,76.64,1|1|1|1,2|2|2|2,2|1|1|2,1|2|2|1,2|2|2|2,2,2,2,2,2,2,2,2,2,2,2,2,2,2,2,2,2,2,2,2,1,NA,1,1,1,0,1,1,2,1,2,0,1,1,1,2,1,2,1,NA,1,1,0,NA,1,1,2,1,1,1,1,1,NA,2,1,2,1,1,2,1,2,2,2,2,2,2,2,NA,2,2,2,NA,2,2,2,2,2,2,2,NA,3,3,3,4,2,3,3,2,4,3,3,3,3,4,3,0,3,3,3,3,3,2,3,3,2,3,4,3,3,4,4,NA,2,3,3,4,2,3,NA,3,4,4,4,4,4,4,4,4,NA,4,4,4,4,4,4,4,4,4,4,4,2,0,3,0,2,3,2,4,3,1,2,2,1,1,1,2,NA,3,NA,3,4,4,2,3,NA,3,3,4,4,3,0,2,2,3,3,NA,3,3,NA,2,4,3,2,3,3,4,2,NA,3,3,3,4,3,3,4,3,3,3,2,3
A_0162,A,77.7,2|1|2|1,2|2|2|2,1|1|2|1,1|1|1|2,1|2|2|1,3,3,2,3,3,4,NA,4,3,3,4,3,3,3,3,2,3,4,2,3,2,1,2,2,2,1,3,1,2,NA,1,2,1,1,1,1,1,1,1,NA,2,2,2,2,2,0,2,3,2,2,1,1,1,2,NA,0,2,NA,2,2,1,2,1,4,3,2,3,2,3,1,2,2,1,2,1,NA,3,1,2,3,4,2,2,2,3,3,3,3,2,3,2,3,2,2,2,3,3,3,2,2,2,3,NA,3,3,2,2,3,3,NA,2,3,2,3,2,NA,3,3,2,2,3,3,3,2,3,3,3,3,3,3,3,3,NA,2,3,3,4,3,3,3,1,0,0,2,2,0,2,NA,NA,1,1,0,1,2,NA,2,NA,NA,2,0,1,1,1,1,0,1,1,1,1,2,1,2,3,NA,1,2,2,1,2,3,1,1,3,1,0,1,2,1,3,2,0,1,2,0,1,NA,1,2,2,2
A_0154,A,78.19,2|1|2|2,2|2|2|1,2|1|2|1,1|2|2|1,2|1|1|2,3,3,2,3,4,3,4,4,3,3,3,2,NA,2,2,3,3,4,2,3,NA,3,2,NA,2,3,3,1,3,3,3,2,1,2,2,NA,2,3,1,3,2,3,2,3,2,2,4,3,2,2,2,3,3,4,2,NA,3,3,4,2,3,3,2,2,1,NA,2,1,3,3,1,3,4,3,3,2,3,2,2,3,4,NA,2,2,2,2,4,2,NA,3,2,2,3,2,2,3,3,3,2,2,4,2,NA,3,1,3,3,3,3,4,3,2,3,2,2,3,1,NA,2,3,3,3,3,3,NA,2,2,2,2,3,2,3,3,NA,3,2,2,NA,2,3,3,NA,2,NA,3,2,2,1,3,0,NA,1,2,1,2,2,2,2,1,NA,2,2,3,1,2,1,1,2,2,1,1,2,1,1,1,1,0,1,1,1,3,2,0,2,2,3,NA,2,1,2,3,3,2,3,3,1,NA,2,1,2
A_0170,A,80.1,2|2|1|2,2|1|1|1,2|1|1|1,1|1|1|1,2|2|1|2,1,3,2,1,2,2,NA,2,NA,1,1,1,1,2,1,3,3,2,2,2,2,3,NA,NA,1,3,1,NA,2,2,3,1,NA,3,3,2,1,2,3,3,1,1,2,2,2,2,1,1,1,2,2,1,2,1,2,2,1,NA,1,1,3,NA,3,2,3,2,3,3,3,3,3,4,NA,4,4,3,2,4,4,4,NA,NA,1,NA,0,1,2,0,2,1,2,1,1,NA,1,2,1,0,2,1,1,1,1,1,1,1,0,1,1,0,NA,NA,4,0,0,0,1,0,1,1,NA,NA,2,2,3,2,2,2,2,1,2,3,2,3,1,1,1,1,1,3,1,0,1,0,1,0,0,1,1,NA,NA,0,0,0,1,0,0,1,0,1,3,3,NA,2,NA,1,1,3,2,2,NA,1,1,NA,NA,2,1,1,2,1,2,1,1,1,1,2,1,2,1,1,2,2,2,2,2,1,2,1,2,1
A_0141,A,80.38,2|1|2|1,1|1|2|2,2|2|1|2,1|2|1|2,2|1|2|2,2,2,2,3,2,NA,2,3,2,1,4,3,2,3,3,NA,2,2,1,3,4,3,NA,4,2,2,4,3,4,2,3,NA,2,3,3,2,3,3,3,3,0,2,2,3,NA,2,3,3,3,3,2,1,1,3,2,1,2,NA,3,2,2,2,2,3,3,3,2,NA,2,3,1,2,3,2,3,NA,4,1,2,4,2,2,3,3,3,2,1,2,2,2,3,2,3,4,3,3,NA,3,3,3,0,2,NA,2,3,2,3,3,3,2,2,4,1,3,1,NA,2,NA,1,1,2,3,2,3,1,3,3,2,NA,3,3,3,2,NA,3,3,4,2,4,1,1,2,2,2,NA,3,1,3,3,3,3,2,NA,NA,2,3,1,2,2,3,0,4,3,3,4,4,4,3,4,3,3,2,2,4,4,3,3,4,4,2,2,3,2,NA,2,2,3,3,3,NA,3,2,2,2,2,3,1,3,2,3
A_0158,A,80.43,2|1|2|2,1|1|1|2,2|2|1|2,1|2|2|1,2|2|1|2,1,1,NA,1,0,1,1,0,1,1,1,1,1,2,2,1,1,NA,2,1,2,2,2,2,2,2,1,3,2,2,2,1,3,2,3,3,2,2,3,NA,2,1,0,NA,2,2,2,1,2,2,2,1,3,2,2,3,1,1,2,2,2,2,2,1,2,1,1,2,2,2,NA,2,2,2,3,3,1,3,3,2,1,3,3,3,NA,2,1,2,NA,1,3,2,2,3,NA,2,2,1,3,2,2,0,1,1,NA,1,NA,1,1,2,3,NA,1,NA,2,NA,1,2,2,1,2,1,2,3,2,2,3,3,2,1,4,2,2,2,1,2,2,2,2,NA,NA,1,3,1,NA,4,2,4,4,2,3,3,2,1,2,1,2,3,NA,3,4,4,3,4,4,3,3,4,3,3,4,2,2,0,3,3,NA,3,3,2,4,2,1,2,2,4,1,3,2,2,3,3,2,3,4,2,3,2,2,2
A_0157,A,80.58,1|2|1|1,1|2|1|2,2|2|2|1,1|1|1|1,1|2|2|2,2,1,3,2,1,1,2,0,1,2,1,2,2,2,3,1,1,1,3,2,2,2,2,1,3,NA,2,2,2,3,1,NA,2,1,3,2,1,1,2,2,1,0,NA,0,NA,1,0,0,1,1,1,0,1,0,1,NA,0,0,0,1,2,2,3,2,3,2,2,3,2,2,3,2,1,1,2,3,1,NA,3,2,2,NA,3,2,NA,2,3,3,2,2,3,2,3,3,4,NA,3,2,3,1,3,1,1,1,1,0,1,0,NA,1,2,2,1,1,2,2,1,2,1,1,1,2,3,3,3,3,2,4,3,2,3,1,NA,1,2,2,3,3,2,3,2,2,1,2,2,1,1,1,2,2,NA,1,2,1,2,1,1,1,1,1,3,3,2,2,2,2,2,2,2,4,2,4,4,2,NA,3,3,3,3,4,1,1,2,2,2,1,1,1,NA,2,0,NA,2,1,1,2,1,1,2,2
A_0149,A,81.05,2|1|2|2,1|1|2|1,1|2|1|2,1|1|1|2,2|1|2|1,2,2,1,2,3,2,3,3,2,1,3,2,2,2,2,2,2,2,1,1,3,3,2,4,1,2,4,2,3,NA,3,2,3,4,2,2,4,4,3,3,2,2,3,3,2,2,2,3,2,2,1,2,NA,2,1,1,3,2,2,2,2,2,2,3,2,3,3,NA,2,4,2,2,3,3,2,1,NA,1,1,3,1,0,1,1,2,1,0,1,1,1,NA,1,2,2,1,1,0,2,1,3,0,NA,0,2,1,NA,1,2,1,1,0,1,1,1,0,NA,1,2,0,0,2,3,1,1,0,NA,2,0,1,NA,1,3,2,2,3,2,3,2,3,0,0,2,1,2,1,2,2,1,1,2,2,2,1,2,1,2,2,NA,2,1,2,NA,2,3,3,NA,4,2,3,2,3,1,2,4,NA,NA,3,3,2,2,1,2,1,2,1,1,3,2,2,1,1,1,1,1,1,NA,1,3,1,NA
A_0167,A,81.5,1|2|2|2,2|2|2|2,2|1|2|1,1|1|1|2,1|2|1|1,4,3,4,NA,3,3,4,3,3,4,3,4,4,3,4,4,3,4,4,4,2,2,2,2,3,2,2,1,2,4,2,3,NA,1,NA,3,NA,3,2,3,3,1,2,NA,2,2,1,2,3,NA,2,2,3,1,2,2,3,2,1,2,NA,2,2,2,2,2,2,3,2,2,3,2,1,2,1,3,1,0,NA,2,NA,2,3,3,NA,3,4,3,3,3,NA,NA,3,3,3,4,NA,NA,1,2,2,3,2,3,3,2,2,3,3,2,2,2,2,3,NA,NA,3,3,2,2,3,2,3,2,3,2,3,3,2,2,3,3,2,NA,2,NA,3,2,2,3,2,2,1,2,3,0,2,1,NA,2,2,0,NA,NA,2,2,2,1,NA,1,2,2,1,1,0,NA,0,2,NA,2,1,1,2,0,1,2,1,1,2,2,1,0,2,0,0,1,3,1,2,1,0,2,2,0,1,1,1,1,2,1
A_0185,A,81.89,1|2|2|1,1|2|1|2,1|1|2|1,1|1|2|2,2|1|1|2,2,1,1,3,2,2,2,1,1,3,2,3,4,2,4,1,2,2,3,NA,1,NA,2,1,3,0,2,1,3,3,1,3,1,0,1,0,1,1,1,2,3,2,1,NA,NA,NA,NA,3,3,2,2,3,3,2,1,2,NA,3,NA,4,2,1,2,NA,2,2,1,1,NA,2,2,1,2,1,3,3,NA,2,2,2,1,2,NA,1,2,NA,2,2,1,2,1,NA,1,2,2,2,1,2,NA,0,2,NA,2,2,2,0,2,2,2,2,2,2,2,3,2,2,2,3,2,1,1,NA,2,3,2,2,3,3,2,2,2,1,2,3,2,2,1,NA,NA,1,1,1,1,2,1,1,2,1,1,NA,NA,1,NA,2,2,2,3,2,2,0,2,1,3,1,2,2,1,1,1,NA,2,2,1,1,2,0,0,1,0,1,1,1,NA,2,2,3,2,3,1,0,3,2,2,2,2,0,2,2,NA,2
A_0172,A,83.05,1|1|1|1,1|1|2|2,1|2|2|1,1|1|2|2,1|2|2|2,0,1,NA,2,1,1,0,1,1,1,2,2,1,2,NA,NA,NA,NA,1,0,1,NA,1,0,2,NA,2,1,1,1,0,2,1,0,1,0,1,0,1,1,NA,1,2,1,2,1,1,2,1,1,1,1,2,1,0,1,2,0,1,2,2,2,2,2,2,2,2,2,2,1,2,2,1,1,1,2,1,2,NA,2,2,2,2,2,4,NA,1,4,1,1,2,NA,2,3,2,2,2,NA,2,2,1,1,1,3,2,1,NA,2,1,2,2,NA,0,2,2,2,2,2,2,0,4,3,3,3,NA,2,NA,3,NA,2,4,2,2,2,2,3,4,2,3,NA,NA,2,1,3,2,2,2,1,2,2,3,2,2,2,2,2,3,1,2,0,4,2,2,NA,2,3,NA,1,1,3,2,4,3,NA,3,2,3,3,2,4,2,1,4,3,3,2,2,2,3,2,1,2,NA,1,2,2,2,3,3,3
A_0160,A,83.68,1|1|2|2,1|2|1|2,2|2|1|1,2|1|1|1,1|2|2|2,4,0,3,4,2,2,2,1,0,4,2,2,NA,1,3,1,0,2,3,2,3,3,NA,2,2,3,2,1,3,2,2,2,1,2,3,2,3,3,1,2,1,2,2,1,NA,1,1,1,1,0,2,3,1,1,2,1,2,NA,1,0,3,3,NA,3,2,NA,3,3,3,2,3,3,2,NA,NA,3,2,NA,3,3,1,3,3,2,2,3,2,2,NA,1,3,NA,3,3,4,2,2,1,3,1,1,2,2,1,2,1,1,0,1,1,2,2,2,2,NA,NA,2,2,2,2,1,2,3,3,3,3,2,4,3,2,3,1,2,1,2,2,3,3,2,3,2,NA,2,2,1,1,0,1,2,3,NA,2,2,1,3,1,0,2,1,2,3,3,1,NA,2,NA,2,2,2,4,2,NA,3,2,2,3,3,3,3,3,1,2,3,3,3,NA,2,1,2,2,2,2,3,2,1,NA,2,1,3,2
A_0163,A,84.34,1|1|2|1,1|1|1|1,2|1|1|1,1|1|2|1,1|2|2|1,1,0,0,1,0,1,0,NA,0,1,1,1,NA,0,1,0,0,1,0,1,2,1,1,2,1,1,1,0,NA,2,1,1,0,0,2,2,1,2,0,1,1,2,0,0,1,1,2,2,1,0,1,2,1,NA,0,1,2,1,2,1,1,1,1,NA,2,2,2,2,2,1,2,1,0,NA,0,2,2,1,1,2,1,0,1,1,0,0,1,0,1,0,1,0,1,1,1,1,1,0,1,0,1,0,1,1,0,0,1,0,0,NA,1,0,0,0,1,1,0,0,1,0,1,1,NA,0,1,1,NA,1,1,1,1,1,1,0,1,1,2,1,1,NA,2,0,2,0,1,1,0,2,2,1,1,1,0,0,NA,0,1,2,0,1,2,2,0,1,0,1,1,2,2,3,1,1,2,1,1,3,2,1,3,2,2,1,2,2,2,NA,1,NA,2,1,0,1,1,0,2,NA,2,2,1,1
A_0181,A,84.54,2|1|1|1,2|2|2|2,2|2|1|1,2|2|2|2,1|2|2|1,2,3,NA,NA,2,3,2,2,3,2,3,2,2,3,NA,3,3,2,2,2,3,3,0,2,NA,3,2,NA,1,1,1,1,2,2,3,2,1,2,3,1,2,3,3,3,3,2,NA,3,2,3,2,2,2,3,2,2,2,2,2,2,1,2,1,3,2,1,3,3,2,1,1,NA,1,2,1,1,2,1,2,NA,3,3,3,3,NA,2,3,3,3,2,4,2,4,3,NA,3,3,3,NA,3,4,4,4,4,4,4,NA,4,NA,NA,4,4,4,4,4,4,4,4,4,4,NA,4,3,3,3,3,NA,NA,3,3,3,3,3,2,3,3,4,3,3,4,3,4,3,3,2,3,2,3,4,4,NA,3,3,2,NA,2,NA,NA,2,3,2,2,1,2,1,2,2,2,2,4,2,2,2,2,1,3,3,2,3,2,3,3,4,3,3,2,3,2,4,4,NA,3,3,2,3,NA,3,NA,3,3
A_0177,A,85.3,2|2|1|1,2|2|1|2,2|2|2|2,2|1|2|1,2|1|1|1,2,3,NA,2,2,3,3,NA,3,2,2,2,3,3,3,3,3,2,3,3,3,NA,3,3,3,3,3,4,3,3,3,3,4,3,4,3,2,NA,4,3,NA,3,2,1,3,2,2,NA,1,2,3,3,NA,2,2,2,1,2,2,2,1,1,1,1,1,0,2,2,1,2,1,NA,NA,2,3,1,2,1,2,1,3,4,4,4,3,4,4,3,4,4,4,4,3,3,4,4,3,3,4,3,3,3,NA,2,3,2,2,2,2,2,NA,3,NA,2,3,3,3,2,4,3,2,2,1,2,2,3,2,2,2,2,1,2,3,2,2,NA,1,3,2,2,4,3,4,3,2,3,2,3,3,3,3,4,NA,3,3,3,3,4,3,3,2,2,3,0,NA,3,3,3,4,2,3,2,2,3,2,2,2,2,2,NA,2,2,1,2,2,NA,2,1,0,1,2,2,1,2,2,NA,3,1,1,0
A_0161,A,85.68,2|1|1|2,1|1|2|2,1|2|2|1,1|1|2|2,1|2|1|1,2,NA,2,2,3,2,2,2,2,2,3,1,NA,3,1,2,2,1,2,0,NA,3,NA,1,2,3,NA,2,2,1,2,2,2,3,1,NA,2,1,2,1,1,2,NA,NA,3,2,2,3,1,NA,1,NA,NA,2,1,2,3,1,2,3,1,3,NA,NA,2,1,3,4,2,1,NA,3,NA,3,1,1,1,2,2,2,2,2,2,NA,4,2,1,3,0,1,2,2,2,NA,2,3,2,NA,2,2,1,1,1,2,2,1,3,2,1,2,2,2,0,2,2,2,2,2,NA,0,2,NA,2,NA,1,1,3,2,1,1,NA,2,1,NA,1,2,3,1,NA,1,2,3,1,3,2,2,2,1,NA,NA,3,2,NA,2,2,2,3,1,2,0,1,1,1,2,1,1,1,1,0,2,2,1,3,1,1,1,2,1,1,3,2,0,2,1,1,2,1,1,2,1,0,1,2,0,2,1,2,2,NA,NA
A_0178,A,85.93,2|1|1|2,2|1|2|2,1|1|2|2,2|1|2|1,1|2|1|2,2,NA,2,NA,3,NA,2,3,3,2,3,2,1,3,1,3,3,2,2,1,1,2,4,2,1,2,2,2,0,1,3,NA,2,3,1,3,NA,2,NA,2,0,NA,3,2,2,2,2,2,0,1,3,2,2,2,NA,2,2,2,1,1,2,4,NA,2,3,2,2,2,3,1,3,4,NA,3,2,2,1,3,3,3,3,NA,3,3,3,3,NA,3,2,3,2,4,NA,3,1,NA,3,2,2,3,2,2,3,3,3,3,3,1,1,2,3,2,2,1,3,2,3,1,NA,2,3,2,3,2,3,2,3,3,3,1,4,2,2,3,2,2,NA,1,2,2,3,1,3,2,2,2,2,2,1,1,1,3,NA,NA,2,3,3,3,3,2,3,3,NA,1,2,1,1,2,1,1,2,2,3,1,3,2,2,3,2,3,2,1,2,3,3,2,1,1,1,2,2,2,3,2,NA,2,NA,2,3,1
A_0173,A,88.41,2|1|1|1,1|1|2|1,2|2|2|2,1|2|1|2,2|2|2|2,0,2,0,1,NA,1,NA,2,2,0,2,NA,0,2,NA,2,2,0,0,0,NA,3,3,3,2,3,3,NA,2,2,3,2,3,3,NA,3,2,3,3,2,2,1,NA,3,2,1,2,2,2,3,0,0,1,NA,1,NA,1,1,1,1,2,3,2,3,NA,2,3,2,3,2,2,3,3,3,3,2,3,2,3,2,3,2,2,2,NA,2,2,3,2,2,2,2,NA,3,2,2,3,3,2,3,1,1,0,2,NA,NA,1,2,2,2,1,1,NA,2,0,1,1,2,0,1,3,3,3,2,2,2,3,NA,2,3,3,3,2,3,3,3,NA,2,3,2,2,3,2,3,4,3,4,3,3,NA,3,2,3,3,3,3,3,NA,3,3,4,NA,4,4,NA,4,NA,4,4,NA,4,4,4,4,4,NA,4,4,4,4,3,3,3,2,2,3,3,NA,4,NA,3,3,3,3,3,3,2,3,3,4
A_0169,A,89.01,1|1|2|1,2|2|2|2,1|1|1|2,2|2|1|1,1|1|2|1,3,2,2,3,2,3,2,3,2,3,3,3,3,2,3,2,2,3,2,3,1,NA,2,2,1,0,1,NA,1,1,1,1,1,1,0,NA,2,NA,0,0,2,NA,1,1,0,1,2,1,2,1,1,2,0,2,2,1,1,3,2,1,1,0,1,2,NA,2,NA,1,1,1,1,0,0,0,0,1,2,2,NA,0,2,3,3,3,2,3,2,2,3,3,2,3,2,3,2,2,2,3,2,3,3,3,3,2,NA,4,3,3,NA,3,1,4,4,3,3,3,3,3,3,4,2,3,2,2,2,3,2,2,3,3,2,2,3,2,3,3,NA,3,3,2,1,1,2,1,1,2,2,2,1,1,NA,2,2,2,1,2,3,2,2,3,1,1,NA,2,1,1,2,1,2,1,1,1,2,2,NA,2,2,2,2,1,NA,3,1,2,2,1,2,1,2,2,NA,1,1,2,1,3,1,1,1,2
A_0159,A,89.05,1|2|1|2,1|1|1|2,1|2|2|1,1|2|1|2,1|2|2|2,2,1,3,2,1,NA,2,0,1,2,1,1,2,2,2,2,NA,0,3,1,1,4,2,0,3,2,2,2,1,2,1,3,2,2,2,1,2,NA,2,NA,3,0,2,3,2,4,1,1,3,3,1,1,3,1,3,3,2,2,1,2,4,3,4,2,2,3,3,4,2,3,4,3,2,2,2,3,1,4,3,2,1,2,2,1,3,2,1,3,NA,1,2,2,1,1,2,2,2,1,2,1,1,NA,0,1,2,1,2,NA,2,1,2,3,1,3,1,2,2,3,1,1,1,NA,2,2,2,2,2,3,3,1,3,1,2,1,1,2,3,2,2,2,1,3,0,3,3,2,3,1,2,2,2,1,3,2,2,2,2,0,2,1,2,2,2,2,2,2,2,1,1,NA,2,4,4,2,2,2,NA,3,2,4,2,2,3,2,2,NA,2,3,4,4,2,2,3,NA,2,3,1,2,3,4
A_0183,A,89.09,1|1|1|1,1|1|2|1,1|2|1|2,2|2|1|2,2|2|1|2,0,1,0,1,1,NA,3,1,1,NA,NA,1,3,NA,0,1,0,NA,0,0,1,1,1,1,1,1,1,2,1,0,1,1,2,1,1,1,2,1,1,0,2,1,2,NA,1,2,1,1,2,2,1,1,1,1,2,1,NA,2,NA,1,NA,2,1,1,2,1,1,1,2,1,2,2,2,2,2,3,1,NA,NA,2,NA,2,2,2,2,1,0,NA,2,1,1,1,3,1,1,0,1,0,NA,3,1,2,1,2,2,3,1,2,2,2,1,2,1,NA,2,2,2,2,2,2,3,2,3,1,2,1,3,NA,1,NA,3,2,1,2,3,2,2,1,NA,1,2,3,2,3,4,3,3,2,NA,3,2,3,3,3,2,3,2,NA,NA,3,3,3,3,3,4,2,3,3,NA,2,3,2,2,NA,2,2,3,3,2,2,4,3,2,2,2,3,3,NA,3,3,4,4,NA,4,3,3,3,3,4,3
A_0180,A,89.61,1|1|2|1,1|2|1|2,2|2|1|2,2|2|2|1,1|2|2|1,2,0,NA,2,1,2,1,0,0,3,2,2,3,1,3,0,0,2,2,2,3,2,1,3,2,2,2,2,3,2,1,2,2,2,2,2,3,3,2,1,2,3,1,1,1,2,3,2,NA,1,2,3,1,3,2,2,2,2,3,2,1,1,1,3,2,NA,2,2,2,1,NA,1,0,1,NA,2,2,1,1,1,1,4,3,NA,2,2,NA,2,NA,2,3,2,3,NA,4,2,1,NA,NA,2,3,2,NA,1,2,2,3,3,2,3,3,4,0,3,3,3,2,3,2,NA,1,3,2,3,2,2,1,NA,NA,2,2,1,2,0,2,2,3,3,2,3,4,3,4,2,NA,4,2,4,4,3,3,4,NA,2,2,NA,2,4,2,4,NA,3,1,3,2,2,3,3,3,4,2,2,3,3,2,4,4,2,4,3,3,3,3,3,3,2,2,1,3,3,1,2,2,2,3,4,3,2,2,2
A_0179,A,90.74,1|2|1|2,2|2|2|1,2|2|1|2,1|2|1|1,2|2|2|2,NA,3,NA,2,3,1,4,4,3,2,1,2,2,2,2,2,3,3,3,3,2,3,NA,2,2,3,NA,3,3,2,3,2,3,3,3,3,3,2,3,3,2,0,1,2,1,3,1,NA,2,2,2,1,2,1,NA,3,NA,3,2,1,4,3,4,2,2,3,3,3,2,4,4,3,3,3,3,3,2,4,3,4,3,3,3,3,2,3,3,NA,NA,3,NA,2,4,2,3,NA,3,3,3,4,3,2,2,2,1,NA,2,2,3,3,2,2,3,2,1,3,1,2,1,3,4,4,4,3,4,3,3,3,3,4,3,4,2,4,4,3,NA,3,3,4,2,2,2,1,2,3,2,3,NA,2,2,2,2,1,1,1,1,2,1,3,3,4,3,4,4,3,4,4,4,4,4,3,3,4,3,4,4,3,4,3,3,3,2,2,2,3,2,3,3,3,3,2,2,3,3,3,2,NA,2,3
A_0168,A,90.76,2|2|2|1,2|2|2|1,2|1|2|1,2|2|1|1,2|1|1|2,NA,4,2,2,NA,NA,3,4,4,2,3,3,2,NA,3,3,4,3,2,4,3,2,3,3,3,2,3,2,3,4,2,3,2,2,3,3,1,2,NA,3,3,NA,2,2,2,2,3,2,3,3,NA,2,1,NA,3,2,1,3,3,NA,2,2,2,2,3,NA,2,NA,3,2,1,2,3,2,4,3,3,2,3,NA,4,1,2,2,2,3,4,2,3,NA,2,2,NA,2,2,3,4,3,2,2,3,3,3,2,2,NA,2,2,3,3,2,3,4,2,2,NA,2,2,2,4,3,3,3,3,3,2,2,2,2,NA,NA,3,2,NA,3,NA,1,NA,2,3,3,2,2,2,3,1,2,2,2,2,1,NA,3,2,2,2,1,2,2,3,2,2,3,1,2,2,1,2,2,1,1,2,1,1,2,1,0,2,1,1,2,3,0,2,2,2,2,3,1,2,4,2,2,4,2,2,2,1,NA,2
A_0174,A,90.79,1|1|1|2,1|1|1|1,2|1|2|2,1|2|2|2,2|1|1|2,1,NA,2,2,2,1,1,NA,1,2,NA,2,1,NA,1,1,1,1,2,NA,1,2,NA,2,1,2,1,1,1,NA,NA,1,1,3,1,2,2,2,1,3,2,1,2,3,2,3,2,2,2,2,2,2,3,2,NA,3,3,2,2,2,2,2,2,0,1,2,0,1,NA,2,1,2,3,2,2,1,1,2,1,2,3,2,NA,2,3,2,NA,3,NA,2,2,3,2,4,2,3,3,NA,NA,2,2,1,1,3,2,2,4,3,2,3,3,2,1,3,2,NA,2,3,2,1,2,1,2,2,1,2,4,2,2,2,3,2,2,3,2,3,2,2,3,0,3,2,3,2,4,3,4,4,NA,2,3,2,2,3,3,3,4,3,3,NA,2,3,4,2,3,2,2,NA,NA,1,2,2,2,2,3,2,1,3,2,1,3,2,2,2,2,4,2,4,2,2,3,2,2,3,3,1,2,2,NA,3
A_0182,A,91.31,1|1|2|1,1|1|1|1,2|2|1|2,2|1|1|1,2|2|1|2,1,0,0,NA,0,1,NA,3,0,1,1,1,1,0,NA,0,0,1,0,NA,3,2,1,NA,NA,NA,2,2,2,2,1,2,2,2,2,2,NA,3,2,1,1,2,1,0,NA,NA,1,1,1,0,1,2,3,1,1,0,1,1,1,1,1,2,1,2,NA,NA,1,1,3,1,2,2,2,2,2,3,2,2,1,NA,1,NA,2,2,1,1,1,1,2,1,2,1,2,1,2,1,1,1,NA,2,0,NA,1,0,1,1,0,0,0,0,0,1,0,0,1,NA,1,0,0,1,2,1,2,1,NA,NA,2,2,1,1,2,1,1,2,2,1,1,1,1,NA,3,NA,3,2,1,NA,NA,2,2,3,2,3,1,2,2,2,1,2,2,NA,3,4,NA,3,4,2,NA,4,3,3,3,2,2,NA,2,3,3,3,3,2,3,2,NA,NA,2,2,2,2,1,NA,3,3,3,3,2,2,3,2,3,NA
A_0175,A,91.55,1|1|2|1,2|2|1|1,2|2|2|2,1|2|1|1,2|1|2|2,3,1,1,1,1,2,2,NA,NA,2,NA,1,2,0,NA,1,1,3,1,3,3,2,2,3,3,2,3,2,3,3,2,3,2,2,2,NA,3,3,2,2,NA,1,0,1,0,1,2,1,2,1,0,1,0,2,1,1,1,1,2,1,2,1,2,2,2,3,1,1,2,NA,1,1,2,1,2,2,3,1,1,1,3,3,3,1,2,4,4,2,4,4,3,3,3,2,3,3,3,3,3,3,3,2,2,1,1,2,1,2,3,2,2,2,3,2,1,2,1,2,NA,3,2,2,NA,3,3,3,2,2,3,3,1,3,3,3,2,2,1,3,2,3,2,2,2,2,3,3,3,3,3,2,2,2,NA,2,2,2,2,2,2,NA,3,3,4,3,4,4,4,3,4,3,3,4,NA,4,1,3,NA,4,3,3,2,3,1,2,2,3,2,3,2,3,3,1,1,3,2,2,1,2,1,3
A_0194,A,92.4,1|2|1|1,2|2|2|1,1|1|2|2,2|1|1|2,1|2|2|1,NA,3,1,2,3,1,3,3,3,1,1,2,2,NA,2,NA,2,2,2,3,0,NA,3,NA,2,NA,1,2,2,NA,2,2,NA,1,1,1,1,1,1,2,0,1,2,1,2,2,0,1,2,2,2,2,2,0,2,1,1,3,1,2,2,1,2,2,NA,1,3,3,1,NA,1,1,0,1,1,2,1,2,2,2,3,2,1,2,2,4,3,2,3,4,1,3,2,2,1,2,3,NA,1,3,2,4,3,3,3,3,1,2,3,2,2,2,1,2,NA,NA,3,2,3,3,3,4,3,2,3,2,1,2,2,NA,2,3,2,2,3,2,3,2,2,4,2,2,3,3,2,1,3,0,0,2,NA,2,2,4,3,4,3,3,4,2,2,NA,1,1,1,2,2,2,2,2,2,2,4,2,NA,NA,3,2,3,4,2,2,3,2,2,NA,3,1,3,2,2,NA,3,1,1,3,2,NA,3,2
A_0165,A,93.47,2|2|2|2,1|2|1|1,1|1|2|2,1|2|2|2,2|1|1|1,3,2,3,1,3,2,3,2,2,3,2,2,3,2,NA,2,2,3,NA,NA,2,2,NA,3,NA,2,3,3,2,3,3,3,3,3,2,NA,NA,3,NA,3,NA,3,3,4,4,4,4,4,4,4,3,NA,4,4,3,4,4,2,4,NA,2,2,2,2,2,2,2,2,2,NA,2,2,NA,3,NA,NA,3,2,2,2,NA,2,0,1,1,2,2,1,2,3,0,2,NA,2,1,1,1,3,0,NA,3,2,NA,3,1,1,2,2,3,3,3,2,2,3,2,3,1,3,1,2,1,NA,1,2,1,1,1,NA,0,2,0,1,0,1,2,1,0,2,1,1,2,2,2,2,3,3,NA,3,2,1,2,2,2,3,2,3,4,2,3,2,1,1,NA,2,2,2,2,2,2,0,2,1,1,2,2,NA,NA,1,1,1,3,2,2,1,1,3,2,3,2,2,2,2,1,2,3,1,NA,2,1,2
A_0171,A,94.02,1|2|1|1,1|2|1|2,2|1|1|2,2|2|2|1,1|2|2|1,1,1,3,2,1,1,NA,0,1,2,1,NA,3,NA,3,1,1,1,3,2,1,1,1,2,1,1,0,2,1,2,2,1,2,2,2,2,1,2,2,2,2,2,1,1,2,3,2,NA,2,2,3,2,2,2,3,3,1,3,3,2,2,1,2,2,0,1,NA,3,1,2,3,1,0,1,1,2,1,2,2,2,1,3,2,2,1,2,2,1,2,2,2,2,2,NA,3,2,1,2,2,1,3,2,3,1,2,2,3,3,NA,3,4,4,NA,3,4,4,2,3,3,3,1,NA,2,3,2,NA,1,NA,2,2,2,1,2,0,2,NA,3,3,2,NA,4,NA,4,1,NA,3,2,4,3,NA,2,3,2,2,2,2,2,4,2,4,1,3,NA,2,1,1,2,3,3,3,2,NA,3,2,2,4,3,2,4,NA,3,3,3,3,3,2,2,1,3,3,2,NA,2,2,3,4,3,2,2,2
A_0166,A,94.63,2|2|1|2,1|2|1|1,2|1|2|1,2|1|1|1,1|2|2|1,2,2,3,2,3,1,3,NA,2,NA,1,1,2,2,2,2,2,2,3,NA,2,3,2,2,2,3,2,2,NA,3,3,2,2,3,2,NA,1,2,3,3,1,2,3,2,2,2,1,1,1,2,3,2,2,1,3,2,1,NA,1,2,3,3,3,3,3,2,4,4,2,3,4,3,2,3,2,2,2,3,3,NA,2,1,1,1,1,1,3,1,2,2,1,1,2,2,NA,2,2,2,1,0,1,2,2,0,1,1,0,0,1,1,1,2,2,1,2,1,1,1,1,2,1,2,2,NA,2,1,1,2,1,2,1,1,1,0,2,1,2,2,1,NA,3,2,2,2,2,0,1,1,1,2,1,1,2,2,NA,2,1,2,2,2,2,2,1,1,0,1,1,2,2,3,1,2,3,1,2,3,NA,2,NA,3,1,0,2,NA,2,1,2,0,2,1,1,2,2,1,1,3,2,1,NA,1
A_0176,A,94.64,2|2|2|2,2|1|2|2,2|1|2|1,1|1|1|1,2|2|2|2,3,4,3,NA,3,4,3,4,4,NA,4,4,3,4,3,4,4,3,3,3,3,3,3,3,3,3,3,2,3,4,3,3,2,3,3,3,2,3,3,4,2,NA,2,2,2,2,NA,2,2,2,2,2,2,2,2,NA,2,2,2,2,4,NA,4,4,4,4,4,4,4,4,4,4,4,4,3,4,4,4,4,4,NA,2,NA,2,3,2,NA,3,1,2,3,3,2,4,2,4,NA,3,NA,2,1,1,1,2,2,2,2,1,1,1,2,3,1,1,1,NA,2,1,NA,1,4,3,3,3,3,4,4,3,4,3,4,4,4,4,3,4,4,3,4,3,1,NA,1,1,1,0,1,1,1,1,1,0,1,1,NA,1,1,1,1,1,3,3,3,2,2,3,2,3,1,3,2,3,3,2,3,NA,2,3,3,3,2,2,2,1,2,2,2,2,2,2,2,2,2,2,2,2,2,2,2,2
A_0197,A,94.77,1|2|2|1,2|2|1|2,1|2|2|2,1|1|2|2,1|1|2|1,3,2,2,3,NA,3,NA,2,3,3,2,NA,4,2,4,NA,3,NA,3,4,2,1,3,2,4,1,3,3,4,2,2,3,3,1,2,2,3,NA,2,2,3,2,1,1,3,2,NA,3,3,2,2,3,3,2,1,2,NA,2,2,NA,2,0,2,1,1,2,NA,2,1,2,1,0,0,1,1,2,2,1,2,1,NA,4,NA,2,3,4,3,NA,4,4,3,4,2,2,3,3,2,4,3,3,3,3,2,3,3,1,3,3,3,NA,3,2,4,1,2,2,3,3,3,2,1,2,1,3,2,3,1,2,3,2,1,NA,3,2,1,2,2,3,2,NA,NA,2,3,3,3,NA,3,2,NA,2,3,3,3,3,2,3,4,3,3,2,2,1,2,2,2,3,3,1,2,0,2,3,3,3,3,2,3,3,2,3,0,1,3,2,2,1,2,3,2,2,1,1,NA,0,1,2,1,2,2,2
A_0188,A,95.27,2|2|1|2,2|2|2|2,1|1|2|1,1|1|2|2,2|1|2|2,3,4,4,3,4,3,4,NA,4,3,3,3,3,4,3,4,4,3,4,3,1,2,3,1,2,NA,NA,2,2,2,3,3,2,2,2,2,1,1,2,2,2,2,NA,3,4,3,2,3,2,3,3,2,4,2,2,3,3,3,2,3,4,3,4,2,NA,3,3,3,2,4,NA,3,4,NA,NA,2,NA,NA,4,3,NA,2,2,2,3,3,3,3,2,3,2,3,2,3,2,NA,NA,3,NA,NA,3,3,3,4,3,2,3,3,3,3,NA,3,3,3,3,3,3,3,3,2,3,NA,3,4,3,4,4,3,4,4,3,4,4,4,3,4,3,4,4,3,1,1,2,2,1,1,2,1,NA,1,2,1,2,2,2,2,3,2,2,1,2,1,3,2,2,3,2,1,2,1,4,3,2,2,NA,1,1,2,1,2,NA,2,3,3,3,NA,3,3,NA,1,3,2,2,2,2,2,2,3,3,NA
A_0189,A,96.87,1|1|2|1,1|2|1|2,1|1|1|2,1|2|1|2,2|1|2|2,2,0,1,2,1,2,1,0,1,3,NA,2,3,1,3,0,1,2,2,2,1,0,1,2,1,0,1,1,NA,1,1,0,1,NA,0,1,2,2,0,1,3,1,1,2,1,2,2,2,3,2,0,1,1,2,NA,1,2,1,3,NA,2,1,2,2,2,3,1,1,2,2,1,NA,2,1,2,NA,3,NA,2,1,0,3,1,2,1,NA,1,1,2,2,1,2,1,NA,2,1,0,1,1,1,2,2,0,1,2,1,2,3,3,2,3,NA,2,4,1,2,3,4,3,2,1,2,2,4,2,3,NA,3,3,3,2,2,3,3,2,3,2,4,3,NA,1,1,1,NA,3,2,3,1,1,1,NA,1,2,2,1,2,2,1,2,3,1,2,2,2,3,2,3,2,3,1,1,2,2,3,3,2,2,NA,2,2,2,3,2,2,2,3,3,4,3,2,3,2,2,3,2,1,1,3,3,4
A_0184,A,97.01,1|1|2|1,2|1|2|1,2|2|1|1,1|2|2|2,1|1|2|2,2,2,1,2,1,NA,1,2,NA,1,2,2,1,1,1,2,1,2,0,2,3,2,0,2,2,NA,2,1,2,2,0,2,1,1,2,1,2,2,2,NA,3,2,1,2,2,2,3,3,3,NA,1,2,2,3,1,2,3,1,3,3,2,1,2,2,2,3,1,1,2,1,1,NA,1,NA,1,2,2,1,2,1,3,1,3,2,2,1,2,2,2,1,3,1,3,2,2,2,3,2,3,3,3,2,2,4,2,0,3,3,3,3,3,2,3,2,NA,3,2,2,NA,2,2,2,2,2,2,2,2,1,3,NA,NA,3,2,2,1,NA,2,1,2,2,2,3,2,2,3,3,2,3,4,3,4,2,3,1,2,1,2,NA,1,2,2,2,2,3,2,2,2,1,2,3,1,3,1,NA,2,2,NA,3,2,1,1,NA,3,3,3,3,2,3,3,2,2,1,2,2,2,2,1,3,NA,4
A_0199,A,97.03,1|1|1|2,2|1|1|1,1|2|2|2,1|1|2|2,2|2|1|1,2,1,2,NA,1,1,2,2,1,1,0,0,0,0,0,1,1,2,0,1,1,2,3,2,2,2,2,NA,2,2,3,2,2,2,1,2,3,1,1,2,NA,1,2,2,2,2,1,2,NA,1,2,1,3,1,1,2,3,2,1,2,1,2,1,1,1,1,1,2,1,2,2,2,2,2,2,1,1,2,0,1,2,2,2,1,2,3,2,2,3,3,2,NA,1,NA,1,2,2,3,2,3,2,NA,2,3,NA,1,NA,2,2,1,2,1,1,0,2,1,1,1,1,1,2,1,1,0,NA,2,1,1,1,NA,1,2,2,2,2,1,NA,1,1,2,NA,2,3,3,NA,NA,2,2,2,2,3,3,3,3,2,NA,NA,3,3,2,3,2,3,2,3,3,3,3,3,2,4,2,3,2,3,2,3,3,2,3,2,1,3,NA,1,2,2,2,2,1,2,3,2,1,3,2,3,NA,1,1
A_0190,A,97.11,1|2|2|2,2|1|1|2,1|2|1|2,1|2|1|2,1|2|1|2,3,2,3,3,2,3,3,3,2,3,2,3,3,2,3,2,3,3,3,3,2,2,3,NA,3,2,2,NA,3,2,2,2,3,2,2,2,4,2,2,3,4,1,2,3,2,4,2,2,4,3,2,2,1,2,3,3,3,3,3,3,3,3,3,2,3,3,2,3,3,2,4,3,2,2,2,4,1,NA,2,4,NA,NA,3,NA,2,NA,1,2,3,2,3,3,1,NA,NA,2,NA,1,NA,3,2,2,1,NA,3,2,3,4,NA,1,4,1,NA,3,1,1,2,3,3,NA,2,1,2,2,3,2,2,3,3,0,3,1,2,2,1,1,2,1,1,2,1,2,1,2,4,3,3,2,2,2,2,2,3,NA,1,NA,NA,1,NA,3,3,3,2,NA,3,1,NA,2,1,2,2,2,2,2,2,2,3,3,2,2,2,1,2,1,1,2,1,NA,3,2,2,2,3,2,2,1,1,NA,2,3
A_0193,A,97.27,2|1|2|2,2|2|1|2,2|2|2|1,1|1|1|2,1|1|2|1,4,2,4,2,2,4,3,2,3,4,3,2,3,2,3,2,NA,4,3,3,4,4,2,3,NA,4,NA,2,3,3,3,3,2,3,NA,3,3,3,3,2,2,2,3,3,2,2,2,3,2,2,1,1,2,2,1,NA,3,2,3,2,2,2,2,3,2,NA,2,2,NA,2,1,2,2,2,NA,1,3,NA,2,1,3,3,4,2,3,3,4,3,3,3,4,NA,3,3,4,NA,3,4,4,2,2,3,1,2,3,1,2,3,3,1,3,1,2,3,1,1,3,3,3,2,1,2,1,3,2,3,1,2,3,2,1,2,3,2,1,2,2,3,2,3,1,NA,NA,3,NA,1,2,2,2,3,3,1,3,2,3,2,NA,1,2,2,2,1,2,3,1,3,2,1,2,3,2,3,2,NA,2,2,2,2,2,2,0,1,2,1,1,NA,2,1,2,1,1,1,1,0,0,1,0,NA,2,2
A_0187,A,97.44,2|1|2|1,1|1|1|2,1|2|1|1,2|2|1|2,2|1|2|1,1,1,NA,2,0,3,0,0,1,2,3,2,NA,2,2,1,2,1,1,1,3,2,0,2,NA,2,3,2,2,1,1,2,NA,1,2,NA,2,2,2,0,3,3,3,3,2,2,3,3,3,3,1,2,1,3,2,1,NA,2,2,2,1,1,NA,3,NA,2,2,4,2,NA,0,1,2,2,2,1,4,0,2,0,0,2,2,1,NA,0,0,2,1,0,2,1,1,1,NA,1,0,NA,2,1,1,2,1,NA,3,2,2,3,2,1,2,2,1,3,2,1,NA,3,2,2,1,1,NA,2,0,2,2,1,2,2,1,2,3,1,1,3,2,3,3,NA,1,3,1,3,3,2,2,1,2,3,2,2,3,NA,2,NA,1,1,2,2,1,0,2,3,2,3,3,1,2,NA,2,2,1,4,1,1,2,2,1,1,NA,4,2,2,2,2,4,3,3,3,3,3,2,3,2,2,NA,3,2,3
A_0186,A,97.58,2|2|1|1,2|1|1|1,1|1|1|2,2|2|2|2,2|2|2|2,1,3,NA,1,1,NA,2,2,NA,0,1,1,1,2,1,3,3,1,1,NA,1,1,2,2,1,1,1,3,1,1,2,1,3,2,2,2,1,2,NA,1,3,3,3,3,4,3,3,3,3,4,3,3,3,3,3,3,2,3,3,3,NA,3,3,3,3,NA,4,3,3,3,3,NA,3,3,4,3,3,NA,4,3,1,1,1,1,0,2,1,0,2,2,1,2,0,0,0,1,1,1,1,2,NA,3,3,NA,3,3,3,3,3,2,NA,NA,3,2,2,2,NA,2,3,3,3,2,2,NA,3,3,2,2,3,2,2,3,3,3,2,2,2,2,2,3,3,2,3,2,3,3,3,3,2,2,2,NA,2,3,2,3,3,3,3,3,2,3,2,NA,3,2,3,3,3,2,2,2,3,3,3,3,NA,3,3,3,4,4,4,4,4,4,NA,NA,4,4,4,4,4,4,4,4,NA,4,4,4
A_0191,A,97.64,2|2|2|2,2|2|1|2,1|1|2|1,1|1|2|1,1|2|1|2,4,3,4,3,3,4,4,3,4,4,3,3,4,3,4,NA,4,4,NA,4,2,2,3,2,3,2,3,2,3,3,3,3,2,2,2,NA,2,2,NA,NA,2,3,2,2,3,2,3,3,2,2,3,NA,3,3,NA,3,3,2,2,NA,3,4,3,3,4,3,3,3,4,2,4,4,3,3,0,4,2,4,3,4,2,2,4,1,2,3,3,2,2,3,2,NA,1,2,2,3,2,3,2,1,NA,2,NA,2,2,1,3,2,2,2,2,2,3,2,2,2,2,2,2,2,2,2,3,3,4,2,2,4,3,1,3,1,NA,3,2,1,2,2,1,3,1,0,NA,1,0,1,1,1,1,0,1,1,1,NA,1,1,2,2,1,NA,3,2,2,0,1,1,0,1,0,1,2,2,2,0,2,1,1,1,1,2,1,0,2,NA,2,2,0,1,NA,1,1,NA,NA,1,2,2,2,1,NA,1
A_0195,A,98.45,2|2|2|1,1|2|2|1,2|2|2|1,2|1|2|1,1|1|1|2,2,3,1,3,NA,2,2,3,3,2,3,3,3,3,3,3,2,2,2,3,4,3,2,2,4,3,4,3,NA,3,2,4,3,NA,4,2,2,3,4,2,2,4,NA,1,3,1,3,3,2,2,0,4,2,NA,2,NA,2,2,2,3,2,2,2,2,3,2,2,1,NA,1,2,2,2,1,3,3,2,2,3,2,3,2,2,2,3,2,3,NA,2,2,2,1,4,3,3,2,3,3,2,2,2,2,3,2,1,2,1,0,NA,3,0,3,NA,1,3,3,2,1,NA,2,1,2,3,2,2,NA,2,NA,1,2,2,1,0,2,2,1,1,1,1,1,3,3,3,NA,1,2,1,3,3,3,3,NA,2,NA,NA,2,2,NA,2,1,NA,2,3,2,2,2,1,1,1,2,2,3,1,1,2,1,1,2,1,1,1,1,1,3,3,2,1,1,0,2,2,1,3,2,NA,2,2,2,2,1
A_0192,A,98.78,1|2|2|1,1|1|1|1,2|2|1|1,2|1|2|1,1|2|2|1,1,1,0,2,1,1,1,1,1,1,1,0,2,1,2,1,1,1,1,2,NA,2,1,2,3,2,2,2,3,3,0,2,2,1,3,1,2,2,3,2,2,3,1,0,NA,1,2,2,2,1,NA,4,2,2,2,NA,2,NA,1,3,4,NA,NA,NA,2,2,3,3,2,2,NA,1,0,1,1,3,2,2,NA,2,1,1,2,1,1,0,1,1,1,NA,2,1,2,1,2,1,1,1,2,NA,1,1,2,1,1,1,1,0,0,1,0,2,1,0,2,1,1,0,0,1,1,2,1,1,1,1,0,1,1,1,NA,1,1,0,1,NA,2,NA,1,NA,3,3,2,2,1,2,0,3,3,NA,3,3,1,NA,2,NA,1,NA,NA,NA,2,2,1,NA,1,2,2,2,2,4,2,2,2,2,1,3,3,2,3,2,2,2,3,3,1,1,2,0,2,2,1,NA,2,1,2,4,NA,2,2,1
A_0196,A,98.97,2|1|2|1,2|2|2|2,1|2|1|2,2|1|2|2,1|1|1|2,3,3,3,3,2,4,2,2,3,NA,4,3,3,3,3,3,3,1,3,3,NA,2,NA,2,2,2,3,3,NA,0,2,2,3,2,2,2,3,3,2,1,NA,4,3,2,3,1,3,4,2,2,2,3,2,3,1,1,3,2,3,3,1,2,1,2,3,2,NA,0,3,0,1,2,2,1,2,2,2,1,2,1,2,4,3,NA,3,NA,2,NA,4,3,3,3,3,2,3,2,2,3,3,4,3,4,4,4,4,3,NA,3,3,3,3,4,3,NA,4,NA,4,3,3,3,2,2,3,3,3,2,3,NA,3,2,3,2,2,3,2,NA,3,2,NA,2,3,3,3,3,3,3,2,2,2,3,3,4,NA,3,2,NA,3,NA,3,4,2,2,2,1,3,1,3,1,1,1,1,2,NA,2,2,1,2,1,1,1,1,1,2,3,3,2,2,2,1,2,3,2,3,2,NA,2,2,3,3,2
A_0200,A,99.73,2|1|1|2,2|2|2|1,1|1|1|1,2|2|1|1,1|1|2|1,3,3,NA,2,3,2,NA,3,3,2,2,1,1,2,1,3,2,3,2,2,NA,2,1,1,0,2,1,1,0,1,NA,1,NA,2,1,1,1,1,1,1,NA,2,3,2,1,2,NA,1,1,2,2,1,1,2,3,2,1,2,2,0,2,2,2,1,1,2,2,2,1,NA,1,2,2,3,1,0,2,1,2,0,2,1,1,1,1,2,2,1,2,2,1,1,2,1,1,1,NA,2,1,2,3,3,NA,2,2,4,2,2,3,3,2,2,2,3,3,NA,2,2,3,4,3,3,2,2,2,2,1,1,2,3,1,3,2,2,2,NA,2,2,2,NA,1,1,1,1,1,1,NA,NA,1,1,NA,1,1,1,1,1,0,NA,1,1,0,0,NA,1,0,1,1,0,1,1,0,1,1,1,1,NA,1,1,1,1,2,3,1,2,2,1,2,1,2,2,1,1,1,2,1,2,1,2,2,2
A_0198,A,99.92,2|1|2|1,1|2|1|2,1|2|2|1,1|1|1|2,2|1|2|1,2,1,2,NA,1,NA,1,0,NA,3,3,2,3,2,3,NA,2,2,3,2,3,2,1,1,3,2,4,2,1,1,NA,NA,2,1,2,0,NA,2,2,0,2,2,0,2,2,1,2,3,2,2,0,1,1,2,0,0,2,1,3,NA,1,NA,1,2,2,2,2,1,2,2,2,1,2,NA,2,1,4,0,2,0,1,3,2,1,3,2,2,3,2,2,2,NA,2,2,NA,2,1,2,2,NA,1,NA,0,1,2,0,NA,2,2,1,2,1,2,2,0,1,3,3,2,1,1,2,1,3,1,3,2,2,2,3,NA,2,3,2,2,3,2,4,3,2,0,2,1,3,2,1,2,1,1,2,2,1,3,2,NA,2,2,1,NA,1,2,0,NA,3,2,4,3,1,2,2,3,3,2,2,3,1,2,2,1,3,1,2,2,1,1,1,3,2,0,2,2,2,1,NA,1,1,1,2,2,2
